captured_at,engine,region,device,query,rank,result_type,domain,url,title,snippet,page_type,source_url,notes
"2026-08-07T18:37:29.844Z","yandex","Russia (lr=225)","desktop","система поддержки клиентов","1","organic","kaiten.ru","https://kaiten.ru/blog/top-help-desk-sistiem/","Топ-8 лучших Help Desk систем: рейтинг программ 2026...","Собрали лучшие Helpdesk-системы для эффективной технической поддержки клиентов и повышения качества сервиса.","comparison/listicle","https://yandex.ru/search/?lr=225&text=%D1%81%D0%B8%D1%81%D1%82%D0%B5%D0%BC%D0%B0%20%D0%BF%D0%BE%D0%B4%D0%B4%D0%B5%D1%80%D0%B6%D0%BA%D0%B8%20%D0%BA%D0%BB%D0%B8%D0%B5%D0%BD%D1%82%D0%BE%D0%B2","ads_excluded=10; verticals excluded; lr=225; organic rank after exclusions; live anonymous SERP may vary"
"2026-08-07T18:37:29.844Z","yandex","Russia (lr=225)","desktop","система поддержки клиентов","2","organic","kaiten.ru","https://kaiten.ru/features/service-desk/","модуль Служба поддержки: обзор Service Desk системы...","Как организовать эффективную службу поддержки? Кайтен: работайте с заявками внешних пользователей на досках. Получайте заявки в Службу...","feature/solution landing","https://yandex.ru/search/?lr=225&text=%D1%81%D0%B8%D1%81%D1%82%D0%B5%D0%BC%D0%B0%20%D0%BF%D0%BE%D0%B4%D0%B4%D0%B5%D1%80%D0%B6%D0%BA%D0%B8%20%D0%BA%D0%BB%D0%B8%D0%B5%D0%BD%D1%82%D0%BE%D0%B2","ads_excluded=10; verticals excluded; lr=225; organic rank after exclusions; live anonymous SERP may vary"
"2026-08-07T18:37:29.844Z","yandex","Russia (lr=225)","desktop","система поддержки клиентов","3","organic","picktech.ru","https://picktech.ru/catalog/help-desk-software/","Help Desk системы (поддержка клиентов) — лучшие...","Найдите лучшие программы для поддержка клиентов (Help Desk системы) для вашего бизнеса.","каталог/агрегатор","https://yandex.ru/search/?lr=225&text=%D1%81%D0%B8%D1%81%D1%82%D0%B5%D0%BC%D0%B0%20%D0%BF%D0%BE%D0%B4%D0%B4%D0%B5%D1%80%D0%B6%D0%BA%D0%B8%20%D0%BA%D0%BB%D0%B8%D0%B5%D0%BD%D1%82%D0%BE%D0%B2","ads_excluded=10; verticals excluded; lr=225; organic rank after exclusions; live anonymous SERP may vary"
"2026-08-07T18:37:29.844Z","yandex","Russia (lr=225)","desktop","система поддержки клиентов","4","organic","usedesk.ru","https://usedesk.ru/","Юздеск — хелпдеск на базе ИИ для клиентского сервиса.","Используйте систему для учёта и обработки обращений, автоматизации службы поддержки и контроля качества. Поддерживает до 20 каналов...","homepage продукта","https://yandex.ru/search/?lr=225&text=%D1%81%D0%B8%D1%81%D1%82%D0%B5%D0%BC%D0%B0%20%D0%BF%D0%BE%D0%B4%D0%B4%D0%B5%D1%80%D0%B6%D0%BA%D0%B8%20%D0%BA%D0%BB%D0%B8%D0%B5%D0%BD%D1%82%D0%BE%D0%B2","ads_excluded=10; verticals excluded; lr=225; organic rank after exclusions; live anonymous SERP may vary"
"2026-08-07T18:37:29.844Z","yandex","Russia (lr=225)","desktop","система поддержки клиентов","5","organic","happydesk.ru","https://happydesk.ru/","хелпдеск-система и тикетная система для поддержки...","Тикетная система, онлайн-чат, база знаний и автоматизация поддержки клиентов. Ускорьте обработку обращений и повысьте качество сервиса.","homepage продукта","https://yandex.ru/search/?lr=225&text=%D1%81%D0%B8%D1%81%D1%82%D0%B5%D0%BC%D0%B0%20%D0%BF%D0%BE%D0%B4%D0%B4%D0%B5%D1%80%D0%B6%D0%BA%D0%B8%20%D0%BA%D0%BB%D0%B8%D0%B5%D0%BD%D1%82%D0%BE%D0%B2","ads_excluded=10; verticals excluded; lr=225; organic rank after exclusions; live anonymous SERP may vary"
"2026-08-07T18:37:30.419Z","yandex","Russia (lr=225)","desktop","сервис поддержки клиентов","1","organic","kaiten.ru","https://kaiten.ru/features/service-desk/","Кайтен — модуль Служба поддержки: обзор Service Desk...","Техподдержка клиентов. Внутренняя служба поддержки. HR | управление персоналом.","feature/solution landing","https://yandex.ru/search/?lr=225&text=%D1%81%D0%B5%D1%80%D0%B2%D0%B8%D1%81%20%D0%BF%D0%BE%D0%B4%D0%B4%D0%B5%D1%80%D0%B6%D0%BA%D0%B8%20%D0%BA%D0%BB%D0%B8%D0%B5%D0%BD%D1%82%D0%BE%D0%B2","ads_excluded=11; verticals excluded; lr=225; organic rank after exclusions; live anonymous SERP may vary"
"2026-08-07T18:37:30.419Z","yandex","Russia (lr=225)","desktop","сервис поддержки клиентов","2","organic","kaiten.ru","https://kaiten.ru/blog/top-help-desk-sistiem/","Топ-8 лучших Help Desk систем: рейтинг программ 2026 года","Собрали лучшие Helpdesk-системы для эффективной технической поддержки клиентов и повышения качества сервиса.","comparison/listicle","https://yandex.ru/search/?lr=225&text=%D1%81%D0%B5%D1%80%D0%B2%D0%B8%D1%81%20%D0%BF%D0%BE%D0%B4%D0%B4%D0%B5%D1%80%D0%B6%D0%BA%D0%B8%20%D0%BA%D0%BB%D0%B8%D0%B5%D0%BD%D1%82%D0%BE%D0%B2","ads_excluded=11; verticals excluded; lr=225; organic rank after exclusions; live anonymous SERP may vary"
"2026-08-07T18:37:30.419Z","yandex","Russia (lr=225)","desktop","сервис поддержки клиентов","3","organic","usedesk.ru","https://usedesk.ru/","Юздеск — хелпдеск на базе ИИ для клиентского сервиса.","Хелпдеск для клиентской поддержки на русском языке с ИИ-функциями. Используйте систему для учёта и обработки обращений...","homepage продукта","https://yandex.ru/search/?lr=225&text=%D1%81%D0%B5%D1%80%D0%B2%D0%B8%D1%81%20%D0%BF%D0%BE%D0%B4%D0%B4%D0%B5%D1%80%D0%B6%D0%BA%D0%B8%20%D0%BA%D0%BB%D0%B8%D0%B5%D0%BD%D1%82%D0%BE%D0%B2","ads_excluded=11; verticals excluded; lr=225; organic rank after exclusions; live anonymous SERP may vary"
"2026-08-07T18:37:30.419Z","yandex","Russia (lr=225)","desktop","сервис поддержки клиентов","4","organic","tproger.ru","https://tproger.ru/articles/top-14-servisov-tehnicheskoj-podderzhki-klientov-v-2026-godu","Топ 14 сервисов технической поддержки клиентов...","Сервисы технической поддержки или хелп-деск системы позволяет распределить отклики от клиентов и оперативно закрывать их претензии.","comparison/listicle","https://yandex.ru/search/?lr=225&text=%D1%81%D0%B5%D1%80%D0%B2%D0%B8%D1%81%20%D0%BF%D0%BE%D0%B4%D0%B4%D0%B5%D1%80%D0%B6%D0%BA%D0%B8%20%D0%BA%D0%BB%D0%B8%D0%B5%D0%BD%D1%82%D0%BE%D0%B2","ads_excluded=11; verticals excluded; lr=225; organic rank after exclusions; live anonymous SERP may vary"
"2026-08-07T18:37:30.419Z","yandex","Russia (lr=225)","desktop","сервис поддержки клиентов","5","organic","okdesk.ru","https://okdesk.ru/","Okdesk — платформа для управления заявками...","Единая платформа для решения задач сервиса и техподдержки. Учёт заявок и база знаний. Сделайте работу с заявками простой, быстрой и удобной.","homepage продукта","https://yandex.ru/search/?lr=225&text=%D1%81%D0%B5%D1%80%D0%B2%D0%B8%D1%81%20%D0%BF%D0%BE%D0%B4%D0%B4%D0%B5%D1%80%D0%B6%D0%BA%D0%B8%20%D0%BA%D0%BB%D0%B8%D0%B5%D0%BD%D1%82%D0%BE%D0%B2","ads_excluded=11; verticals excluded; lr=225; organic rank after exclusions; live anonymous SERP may vary"
"2026-08-07T18:37:30.968Z","yandex","Russia (lr=225)","desktop","helpdesk для бизнеса","1","organic","usedesk.ru","https://usedesk.ru/","Юздеск — хелпдеск на базе ИИ для клиентского сервиса.","Хелпдеск для клиентской поддержки на русском языке с ИИ-функциями. Используйте систему для учёта и обработки обращений, автоматизации службы поддержки и контроля качества. Поддерживает до 20 каналов коммуникации.","homepage продукта","https://yandex.ru/search/?lr=225&text=helpdesk%20%D0%B4%D0%BB%D1%8F%20%D0%B1%D0%B8%D0%B7%D0%BD%D0%B5%D1%81%D0%B0","ads_excluded=11; verticals excluded; lr=225; organic rank after exclusions; live anonymous SERP may vary"
"2026-08-07T18:37:30.968Z","yandex","Russia (lr=225)","desktop","helpdesk для бизнеса","2","organic","naumen.ru","https://www.naumen.ru/products/service_desk/whats_help_desk/","Help Desk системы: что такое и для чего нужны бизнесу","Польза Help Desk для бизнеса. Help Desk дает возможность предоставлять высокий уровень обслуживания, помогает соблюдать SLA, оценивать затраты на решение обращений и оптимизировать работу персонала.","feature/solution landing","https://yandex.ru/search/?lr=225&text=helpdesk%20%D0%B4%D0%BB%D1%8F%20%D0%B1%D0%B8%D0%B7%D0%BD%D0%B5%D1%81%D0%B0","ads_excluded=11; verticals excluded; lr=225; organic rank after exclusions; live anonymous SERP may vary"
"2026-08-07T18:37:30.968Z","yandex","Russia (lr=225)","desktop","helpdesk для бизнеса","3","organic","okdesk.ru","https://okdesk.ru/","Okdesk — платформа для управления заявками...","Размещайте Okdesk на своих серверах. Для крупных компаний и бизнеса доступны варианты размещения On Premise (коробочная версия, установка внутри собственной инфраструктуры) и Private Cloud.","homepage продукта","https://yandex.ru/search/?lr=225&text=helpdesk%20%D0%B4%D0%BB%D1%8F%20%D0%B1%D0%B8%D0%B7%D0%BD%D0%B5%D1%81%D0%B0","ads_excluded=11; verticals excluded; lr=225; organic rank after exclusions; live anonymous SERP may vary"
"2026-08-07T18:37:30.968Z","yandex","Russia (lr=225)","desktop","helpdesk для бизнеса","4","organic","kaiten.ru","https://kaiten.ru/blog/chto-takoe-help-desk-sistema/","Help Desk система: что это, применение Хелпдеск...","Что такое Help Desk: функции, виды и преимущества для бизнеса. Разбираем, зачем компаниям система поддержки и как она упрощает работу с заявками.","статья/guide","https://yandex.ru/search/?lr=225&text=helpdesk%20%D0%B4%D0%BB%D1%8F%20%D0%B1%D0%B8%D0%B7%D0%BD%D0%B5%D1%81%D0%B0","ads_excluded=11; verticals excluded; lr=225; organic rank after exclusions; live anonymous SERP may vary"
"2026-08-07T18:37:30.968Z","yandex","Russia (lr=225)","desktop","helpdesk для бизнеса","5","organic","directum.ru","https://www.directum.ru/blog-post/help_desk__top-10_rossijjskikh_sistem","ТОП-10 российских Help desk систем в 2026 году","Системы-помощники называются help desk. Для чего help desk бизнесу.","comparison/listicle","https://yandex.ru/search/?lr=225&text=helpdesk%20%D0%B4%D0%BB%D1%8F%20%D0%B1%D0%B8%D0%B7%D0%BD%D0%B5%D1%81%D0%B0","ads_excluded=11; verticals excluded; lr=225; organic rank after exclusions; live anonymous SERP may vary"
"2026-08-07T18:37:31.632Z","yandex","Russia (lr=225)","desktop","единое окно поддержки","1","organic","rbc.ru","https://www.rbc.ru/rbcfreenews/6a7491b59a7947e57b5120a3","Основатель Wildberries Татьяна Ким: RWB запустила...","...единое окно для предпринимателей, где собрана актуальная информация о мерах поддержки, сообщила основатель Wildberries Татьяна Ким.","нецелевой результат","https://yandex.ru/search/?lr=225&text=%D0%B5%D0%B4%D0%B8%D0%BD%D0%BE%D0%B5%20%D0%BE%D0%BA%D0%BD%D0%BE%20%D0%BF%D0%BE%D0%B4%D0%B4%D0%B5%D1%80%D0%B6%D0%BA%D0%B8","ads_excluded=3; verticals excluded; lr=225; organic rank after exclusions; live anonymous SERP may vary"
"2026-08-07T18:37:31.632Z","yandex","Russia (lr=225)","desktop","единое окно поддержки","2","organic","kp.ru","https://www.kp.ru/daily/277804/5286615/","Помощь продавцам Wildberries после атак ВСУ... - KP.RU","От выплат и «единого окна» до поддержки от Минэкономразвития: последние новости о том, как помогают продавцам Wildberries.","нецелевой результат","https://yandex.ru/search/?lr=225&text=%D0%B5%D0%B4%D0%B8%D0%BD%D0%BE%D0%B5%20%D0%BE%D0%BA%D0%BD%D0%BE%20%D0%BF%D0%BE%D0%B4%D0%B4%D0%B5%D1%80%D0%B6%D0%BA%D0%B8","ads_excluded=3; verticals excluded; lr=225; organic rank after exclusions; live anonymous SERP may vary"
"2026-08-07T18:37:31.632Z","yandex","Russia (lr=225)","desktop","единое окно поддержки","3","organic","rdn-grp.ru","https://www.rdn-grp.ru/blog/khelp-desk-edinoe-okno-podderzhki/","Хелп-деск — «единое окно» поддержки - RDN Group","Хелп-деск — «единое окно» поддержки. В бизнесе скорость и качество реакции на запросы пользователей становятся таким же конкурентным фактором...","статья/guide","https://yandex.ru/search/?lr=225&text=%D0%B5%D0%B4%D0%B8%D0%BD%D0%BE%D0%B5%20%D0%BE%D0%BA%D0%BD%D0%BE%20%D0%BF%D0%BE%D0%B4%D0%B4%D0%B5%D1%80%D0%B6%D0%BA%D0%B8","ads_excluded=3; verticals excluded; lr=225; organic rank after exclusions; live anonymous SERP may vary"
"2026-08-07T18:37:31.632Z","yandex","Russia (lr=225)","desktop","единое окно поддержки","4","organic","minobrnauki.gov.ru","https://minobrnauki.gov.ru/about/deps/dgmpispvsvo/year_family/window/","Единое окно для молодых семей в образовательных...","...о мерах поддержки в отдельно взятых университетах можно познакомиться на официальной информационной странице «единого окна».","нецелевой результат","https://yandex.ru/search/?lr=225&text=%D0%B5%D0%B4%D0%B8%D0%BD%D0%BE%D0%B5%20%D0%BE%D0%BA%D0%BD%D0%BE%20%D0%BF%D0%BE%D0%B4%D0%B4%D0%B5%D1%80%D0%B6%D0%BA%D0%B8","ads_excluded=3; verticals excluded; lr=225; organic rank after exclusions; live anonymous SERP may vary"
"2026-08-07T18:37:31.632Z","yandex","Russia (lr=225)","desktop","единое окно поддержки","5","organic","mercora.ru","https://mercora.ru/news/wildberries-i-rwb-zapustili-edinoe-okno-2026-08-06","Wildberries и RWB запустили единое окно поддержки на...","Содержание Единое окно поддержки и федеральные меры Региональная помощь: Ленинградская область","нецелевой результат","https://yandex.ru/search/?lr=225&text=%D0%B5%D0%B4%D0%B8%D0%BD%D0%BE%D0%B5%20%D0%BE%D0%BA%D0%BD%D0%BE%20%D0%BF%D0%BE%D0%B4%D0%B4%D0%B5%D1%80%D0%B6%D0%BA%D0%B8","ads_excluded=3; verticals excluded; lr=225; organic rank after exclusions; live anonymous SERP may vary"
"2026-08-07T18:37:32.248Z","yandex","Russia (lr=225)","desktop","омниканальная поддержка","1","organic","telphin.ru","https://www.telphin.ru/products/omnichannel","Омниканальность — все каналы коммуникации в одном...","Омниканальность. Омниканальные коммуникации. ... Поддержка чат роботов и БП. CRM-плагин для вашего сайта. Отправка и получение файлов.","feature/solution landing","https://yandex.ru/search/?lr=225&text=%D0%BE%D0%BC%D0%BD%D0%B8%D0%BA%D0%B0%D0%BD%D0%B0%D0%BB%D1%8C%D0%BD%D0%B0%D1%8F%20%D0%BF%D0%BE%D0%B4%D0%B4%D0%B5%D1%80%D0%B6%D0%BA%D0%B0","ads_excluded=4; verticals excluded; lr=225; organic rank after exclusions; live anonymous SERP may vary"
"2026-08-07T18:37:32.248Z","yandex","Russia (lr=225)","desktop","омниканальная поддержка","2","organic","itsm365.com","https://itsm365.com/product/support/omnichannel/","Омниканальная поддержка клиентов с ITSM 365 — без...","Возможности. Омниканальная поддержка. Принимайте обращения из разных каналов в едином окне и сохраняйте весь контекст коммуникации.","feature/solution landing","https://yandex.ru/search/?lr=225&text=%D0%BE%D0%BC%D0%BD%D0%B8%D0%BA%D0%B0%D0%BD%D0%B0%D0%BB%D1%8C%D0%BD%D0%B0%D1%8F%20%D0%BF%D0%BE%D0%B4%D0%B4%D0%B5%D1%80%D0%B6%D0%BA%D0%B0","ads_excluded=4; verticals excluded; lr=225; organic rank after exclusions; live anonymous SERP may vary"
"2026-08-07T18:37:32.248Z","yandex","Russia (lr=225)","desktop","омниканальная поддержка","3","organic","flomni.com","https://flomni.com/ru/blog/omnichannel-support-platform/","Омниканальная платформа для поддержки: как перейти...","В статье разберем, как разрозненные каналы влияют на работу поддержки, зачем бизнесу единое окно оператора и по каким признакам становится...","статья/guide","https://yandex.ru/search/?lr=225&text=%D0%BE%D0%BC%D0%BD%D0%B8%D0%BA%D0%B0%D0%BD%D0%B0%D0%BB%D1%8C%D0%BD%D0%B0%D1%8F%20%D0%BF%D0%BE%D0%B4%D0%B4%D0%B5%D1%80%D0%B6%D0%BA%D0%B0","ads_excluded=4; verticals excluded; lr=225; organic rank after exclusions; live anonymous SERP may vary"
"2026-08-07T18:37:32.248Z","yandex","Russia (lr=225)","desktop","омниканальная поддержка","4","organic","voxys.ru","https://www.voxys.ru/blog/omnikanalnaja-podderzhka.html","Омниканальная поддержка клиентов: что это и как...","Омниканальная поддержка клиентов решает эти проблемы, объединяя все каналы коммуникации в единую экосистему. В этой статье разберем, что такое...","статья/guide","https://yandex.ru/search/?lr=225&text=%D0%BE%D0%BC%D0%BD%D0%B8%D0%BA%D0%B0%D0%BD%D0%B0%D0%BB%D1%8C%D0%BD%D0%B0%D1%8F%20%D0%BF%D0%BE%D0%B4%D0%B4%D0%B5%D1%80%D0%B6%D0%BA%D0%B0","ads_excluded=4; verticals excluded; lr=225; organic rank after exclusions; live anonymous SERP may vary"
"2026-08-07T18:37:32.248Z","yandex","Russia (lr=225)","desktop","омниканальная поддержка","5","organic","twin24.ai","https://twin24.ai/","Омниканальная платформа TWIN | Голосовые...","TWIN — омниканальная платформа для эффективных и недорогих автоматизированных коммуникаций с клиентами.","homepage продукта","https://yandex.ru/search/?lr=225&text=%D0%BE%D0%BC%D0%BD%D0%B8%D0%BA%D0%B0%D0%BD%D0%B0%D0%BB%D1%8C%D0%BD%D0%B0%D1%8F%20%D0%BF%D0%BE%D0%B4%D0%B4%D0%B5%D1%80%D0%B6%D0%BA%D0%B0","ads_excluded=4; verticals excluded; lr=225; organic rank after exclusions; live anonymous SERP may vary"
"2026-08-07T18:37:32.824Z","yandex","Russia (lr=225)","desktop","чат поддержки для сайта","1","organic","chatapp.online","https://chatapp.online/chat-na-sajt/","Онлайн чат на сайт: установите виджет чата для сайта.","Чат на сайт с AI-оператором за 450 ₽/мес. Безлимит операторов, ответы 24/7, автосоздание сделок в Битрикс24 и amoCRM. Установка за 5 минут на любой CMS.","feature/solution landing","https://yandex.ru/search/?lr=225&text=%D1%87%D0%B0%D1%82%20%D0%BF%D0%BE%D0%B4%D0%B4%D0%B5%D1%80%D0%B6%D0%BA%D0%B8%20%D0%B4%D0%BB%D1%8F%20%D1%81%D0%B0%D0%B9%D1%82%D0%B0","ads_excluded=14; verticals excluded; lr=225; organic rank after exclusions; live anonymous SERP may vary"
"2026-08-07T18:37:32.824Z","yandex","Russia (lr=225)","desktop","чат поддержки для сайта","2","organic","msk.rt.ru","https://msk.rt.ru/b2b/solutions/chat","Онлайн чат для сайта | Ростелеком","Чат. Будьте на связи со своими клиентами. Оставить заявку. Тестовый период 14 дней. Об услуге. Чат — это диалоговое окно на вашем сайте для общения с клиентами в удобном формате.","feature/solution landing","https://yandex.ru/search/?lr=225&text=%D1%87%D0%B0%D1%82%20%D0%BF%D0%BE%D0%B4%D0%B4%D0%B5%D1%80%D0%B6%D0%BA%D0%B8%20%D0%B4%D0%BB%D1%8F%20%D1%81%D0%B0%D0%B9%D1%82%D0%B0","ads_excluded=14; verticals excluded; lr=225; organic rank after exclusions; live anonymous SERP may vary"
"2026-08-07T18:37:32.824Z","yandex","Russia (lr=225)","desktop","чат поддержки для сайта","3","organic","yak-studio.ru","https://yak-studio.ru/blog/online-chat-dly-saita","ТОП 15+ онлайн чатов для сайта 2026: рейтинг лучших...","Подробный обзор лучших онлайн чатов для сайта. В обзорах ниже каждый сервис поддержки разобран по тем самым критериям: каналы связи, функции, интеграции и условия.","comparison/listicle","https://yandex.ru/search/?lr=225&text=%D1%87%D0%B0%D1%82%20%D0%BF%D0%BE%D0%B4%D0%B4%D0%B5%D1%80%D0%B6%D0%BA%D0%B8%20%D0%B4%D0%BB%D1%8F%20%D1%81%D0%B0%D0%B9%D1%82%D0%B0","ads_excluded=14; verticals excluded; lr=225; organic rank after exclusions; live anonymous SERP may vary"
"2026-08-07T18:37:32.824Z","yandex","Russia (lr=225)","desktop","чат поддержки для сайта","4","organic","teletype.app","https://teletype.app/chat/","Чат для сайта — онлайн-консультант | Teletype","Удобный Чат для сайта Teletype Chat. Установите чат на сайт с мессенджерами. Добавьте этот простой модуль на сайт, и он станет надёжным помощником для вашего бизнеса.","feature/solution landing","https://yandex.ru/search/?lr=225&text=%D1%87%D0%B0%D1%82%20%D0%BF%D0%BE%D0%B4%D0%B4%D0%B5%D1%80%D0%B6%D0%BA%D0%B8%20%D0%B4%D0%BB%D1%8F%20%D1%81%D0%B0%D0%B9%D1%82%D0%B0","ads_excluded=14; verticals excluded; lr=225; organic rank after exclusions; live anonymous SERP may vary"
"2026-08-07T18:37:32.824Z","yandex","Russia (lr=225)","desktop","чат поддержки для сайта","5","organic","cleversite.ru","https://cleversite.ru/","Онлайн консультант для сайта – Бесплатный сервис...","Cleversite — умный онлайн-чат для связи с клиентами. Увеличивайте конверсию сайта и количество заявок с виджетами online-чата и обратного звонка.","homepage продукта","https://yandex.ru/search/?lr=225&text=%D1%87%D0%B0%D1%82%20%D0%BF%D0%BE%D0%B4%D0%B4%D0%B5%D1%80%D0%B6%D0%BA%D0%B8%20%D0%B4%D0%BB%D1%8F%20%D1%81%D0%B0%D0%B9%D1%82%D0%B0","ads_excluded=14; verticals excluded; lr=225; organic rank after exclusions; live anonymous SERP may vary"
"2026-08-07T18:37:33.448Z","yandex","Russia (lr=225)","desktop","поддержка клиентов telegram","1","organic","telegram.org","https://telegram.org/support?setln=ru","Поддержка Telegram","Поддержка. Опишите свою проблему: Ваше полное имя, отчество и фамилия","нецелевой результат","https://yandex.ru/search/?lr=225&text=%D0%BF%D0%BE%D0%B4%D0%B4%D0%B5%D1%80%D0%B6%D0%BA%D0%B0%20%D0%BA%D0%BB%D0%B8%D0%B5%D0%BD%D1%82%D0%BE%D0%B2%20telegram","ads_excluded=4; verticals excluded; lr=225; organic rank after exclusions; live anonymous SERP may vary"
"2026-08-07T18:37:33.448Z","yandex","Russia (lr=225)","desktop","поддержка клиентов telegram","2","organic","t-j.ru","https://t-j.ru/telegram-support/","Техподдержка «Телеграма»: как написать и обратиться...","Как связаться с поддержкой «Телеграма». Как позвонить в службу поддержки. Какие вопросы можно решить через техподдержку «Телеграма».","нецелевой результат","https://yandex.ru/search/?lr=225&text=%D0%BF%D0%BE%D0%B4%D0%B4%D0%B5%D1%80%D0%B6%D0%BA%D0%B0%20%D0%BA%D0%BB%D0%B8%D0%B5%D0%BD%D1%82%D0%BE%D0%B2%20telegram","ads_excluded=4; verticals excluded; lr=225; organic rank after exclusions; live anonymous SERP may vary"
"2026-08-07T18:37:33.448Z","yandex","Russia (lr=225)","desktop","поддержка клиентов telegram","3","organic","vk.ru","https://vk.ru/wall-155485974_406","Как связаться с Telegram? Собрали для вас список самых...","Электронная почта: • support@telegram.org — общая поддержка • sms@telegram.org — проблемы со входом • recover@telegram.org...","нецелевой результат","https://yandex.ru/search/?lr=225&text=%D0%BF%D0%BE%D0%B4%D0%B4%D0%B5%D1%80%D0%B6%D0%BA%D0%B0%20%D0%BA%D0%BB%D0%B8%D0%B5%D0%BD%D1%82%D0%BE%D0%B2%20telegram","ads_excluded=4; verticals excluded; lr=225; organic rank after exclusions; live anonymous SERP may vary"
"2026-08-07T18:37:33.448Z","yandex","Russia (lr=225)","desktop","поддержка клиентов telegram","4","organic","ivankornev.com","https://ivankornev.com/ru/articles/messengers-support/problems/kak-svyazatsya-podderzhka-telegram-oficialno/","Как связаться с поддержкой Telegram: официальные...","Инструкция по обращению в службу поддержки Telegram через сайт, приложение и специальные email-адреса для восстановления аккаунта, жалоб на...","нецелевой результат","https://yandex.ru/search/?lr=225&text=%D0%BF%D0%BE%D0%B4%D0%B4%D0%B5%D1%80%D0%B6%D0%BA%D0%B0%20%D0%BA%D0%BB%D0%B8%D0%B5%D0%BD%D1%82%D0%BE%D0%B2%20telegram","ads_excluded=4; verticals excluded; lr=225; organic rank after exclusions; live anonymous SERP may vary"
"2026-08-07T18:37:33.448Z","yandex","Russia (lr=225)","desktop","поддержка клиентов telegram","5","organic","perfluence.net","https://perfluence.net/blog/article/telegram-support","Telegram поддержка. Как быстро и эффективно решить...","Как обратиться в техподдержку Telegram и быстро решить свои проблемы. Рассказываем в статье!","нецелевой результат","https://yandex.ru/search/?lr=225&text=%D0%BF%D0%BE%D0%B4%D0%B4%D0%B5%D1%80%D0%B6%D0%BA%D0%B0%20%D0%BA%D0%BB%D0%B8%D0%B5%D0%BD%D1%82%D0%BE%D0%B2%20telegram","ads_excluded=4; verticals excluded; lr=225; organic rank after exclusions; live anonymous SERP may vary"
"2026-08-07T18:37:34.013Z","yandex","Russia (lr=225)","desktop","автоматизация клиентской поддержки","1","organic","kaiten.ru","https://kaiten.ru/blog/top-help-desk-sistiem/","Топ-8 лучших Help Desk систем: рейтинг программ 2026 года","В статье рассказываем о лучших системах автоматизации клиентской поддержки, которые способны разгрузить сотрудников и не упустить ни одного...","comparison/listicle","https://yandex.ru/search/?lr=225&text=%D0%B0%D0%B2%D1%82%D0%BE%D0%BC%D0%B0%D1%82%D0%B8%D0%B7%D0%B0%D1%86%D0%B8%D1%8F%20%D0%BA%D0%BB%D0%B8%D0%B5%D0%BD%D1%82%D1%81%D0%BA%D0%BE%D0%B9%20%D0%BF%D0%BE%D0%B4%D0%B4%D0%B5%D1%80%D0%B6%D0%BA%D0%B8","ads_excluded=13; verticals excluded; lr=225; organic rank after exclusions; live anonymous SERP may vary"
"2026-08-07T18:37:34.013Z","yandex","Russia (lr=225)","desktop","автоматизация клиентской поддержки","2","organic","usedesk.ru","https://usedesk.ru/","Юздеск — хелпдеск на базе ИИ для клиентского сервиса.","Используйте систему для учёта и обработки обращений, автоматизации службы поддержки и контроля качества. Поддерживает до 20 каналов...","homepage продукта","https://yandex.ru/search/?lr=225&text=%D0%B0%D0%B2%D1%82%D0%BE%D0%BC%D0%B0%D1%82%D0%B8%D0%B7%D0%B0%D1%86%D0%B8%D1%8F%20%D0%BA%D0%BB%D0%B8%D0%B5%D0%BD%D1%82%D1%81%D0%BA%D0%BE%D0%B9%20%D0%BF%D0%BE%D0%B4%D0%B4%D0%B5%D1%80%D0%B6%D0%BA%D0%B8","ads_excluded=13; verticals excluded; lr=225; organic rank after exclusions; live anonymous SERP may vary"
"2026-08-07T18:37:34.013Z","yandex","Russia (lr=225)","desktop","автоматизация клиентской поддержки","3","organic","jivo.ru","https://www.jivo.ru/blog/tutorials-jivo/ai-chatbot-support.html","ИИ чат-бот для поддержки: автоматизация службы... | Jivo","Узнайте, как ИИ помогает службе поддержки: автоматические ответы, сокращение нагрузки и улучшение клиентского опыта.","статья/guide","https://yandex.ru/search/?lr=225&text=%D0%B0%D0%B2%D1%82%D0%BE%D0%BC%D0%B0%D1%82%D0%B8%D0%B7%D0%B0%D1%86%D0%B8%D1%8F%20%D0%BA%D0%BB%D0%B8%D0%B5%D0%BD%D1%82%D1%81%D0%BA%D0%BE%D0%B9%20%D0%BF%D0%BE%D0%B4%D0%B4%D0%B5%D1%80%D0%B6%D0%BA%D0%B8","ads_excluded=13; verticals excluded; lr=225; organic rank after exclusions; live anonymous SERP may vary"
"2026-08-07T18:37:34.013Z","yandex","Russia (lr=225)","desktop","автоматизация клиентской поддержки","4","organic","naumen.ru","https://www.naumen.ru/products/csm/","Naumen Customer Service Management - Инструмент для...","Naumen Service Management Intelligent Automation. ... Инструмент для автоматизации обработки клиентских обращений и улучшения CX.","feature/solution landing","https://yandex.ru/search/?lr=225&text=%D0%B0%D0%B2%D1%82%D0%BE%D0%BC%D0%B0%D1%82%D0%B8%D0%B7%D0%B0%D1%86%D0%B8%D1%8F%20%D0%BA%D0%BB%D0%B8%D0%B5%D0%BD%D1%82%D1%81%D0%BA%D0%BE%D0%B9%20%D0%BF%D0%BE%D0%B4%D0%B4%D0%B5%D1%80%D0%B6%D0%BA%D0%B8","ads_excluded=13; verticals excluded; lr=225; organic rank after exclusions; live anonymous SERP may vary"
"2026-08-07T18:37:34.013Z","yandex","Russia (lr=225)","desktop","автоматизация клиентской поддержки","5","organic","autofaq.ai","https://autofaq.ai/","Искусственный интеллект для поддержки клиентов...","AutoFAQ — это AI-платформа для автоматизации коммуникаций с клиентами и сотрудниками. Включает обучаемого чат-бота, ИИ-суфлера и AI Copilot...","homepage продукта","https://yandex.ru/search/?lr=225&text=%D0%B0%D0%B2%D1%82%D0%BE%D0%BC%D0%B0%D1%82%D0%B8%D0%B7%D0%B0%D1%86%D0%B8%D1%8F%20%D0%BA%D0%BB%D0%B8%D0%B5%D0%BD%D1%82%D1%81%D0%BA%D0%BE%D0%B9%20%D0%BF%D0%BE%D0%B4%D0%B4%D0%B5%D1%80%D0%B6%D0%BA%D0%B8","ads_excluded=13; verticals excluded; lr=225; organic rank after exclusions; live anonymous SERP may vary"
"2026-08-07T18:37:34.570Z","yandex","Russia (lr=225)","desktop","ии бот поддержки","1","organic","jivo.ru","https://www.jivo.ru/blog/tutorials-jivo/ai-chatbot-support.html","ИИ чат-бот для поддержки: автоматизация службы... | Jivo","ИИ чат-бот для поддержки клиентов психологического центра. ИИ чат-боты нужны в службе поддержке, чтобы","статья/guide","https://yandex.ru/search/?lr=225&text=%D0%B8%D0%B8%20%D0%B1%D0%BE%D1%82%20%D0%BF%D0%BE%D0%B4%D0%B4%D0%B5%D1%80%D0%B6%D0%BA%D0%B8","ads_excluded=6; verticals excluded; lr=225; organic rank after exclusions; live anonymous SERP may vary"
"2026-08-07T18:37:34.570Z","yandex","Russia (lr=225)","desktop","ии бот поддержки","2","organic","autofaq.ai","https://autofaq.ai/blog/kak-integrirovat-chat-bota-na-baze-ii-v-tekh-podderzhku","Чат-бот ИИ для техподдержки: интеграция за 5 шагов...","Как внедрить ИИ-чат-бота в техподдержку: пошаговый план, интеграция с CRM и тикет-системами, ROI и кейс Ростелеком-ЦОД.","статья/guide","https://yandex.ru/search/?lr=225&text=%D0%B8%D0%B8%20%D0%B1%D0%BE%D1%82%20%D0%BF%D0%BE%D0%B4%D0%B4%D0%B5%D1%80%D0%B6%D0%BA%D0%B8","ads_excluded=6; verticals excluded; lr=225; organic rank after exclusions; live anonymous SERP may vary"
"2026-08-07T18:37:34.570Z","yandex","Russia (lr=225)","desktop","ии бот поддержки","3","organic","matrixmsk.ru","https://matrixmsk.ru/robot-inside-company","Чат-бот поддержки клиентов с ИИ: внедрение бота...","На первой линии поддержки ИИ-бот сейчас закрывает 30% входящих вопросов, это более 500 ответов в месяц.","статья/guide","https://yandex.ru/search/?lr=225&text=%D0%B8%D0%B8%20%D0%B1%D0%BE%D1%82%20%D0%BF%D0%BE%D0%B4%D0%B4%D0%B5%D1%80%D0%B6%D0%BA%D0%B8","ads_excluded=6; verticals excluded; lr=225; organic rank after exclusions; live anonymous SERP may vary"
"2026-08-07T18:37:34.570Z","yandex","Russia (lr=225)","desktop","ии бот поддержки","4","organic","helpdeskeddy.ru","https://helpdeskeddy.ru/vozmozhnosti-ii-v-klientskom-servise","ИИ в поддержке — автоматизация клиентского сервиса","ИИ в клиентском сервисе: автоматизация обработки обращений, умные подсказки операторам, аналитика работы сотрудников. Повышайте скорость и...","статья/guide","https://yandex.ru/search/?lr=225&text=%D0%B8%D0%B8%20%D0%B1%D0%BE%D1%82%20%D0%BF%D0%BE%D0%B4%D0%B4%D0%B5%D1%80%D0%B6%D0%BA%D0%B8","ads_excluded=6; verticals excluded; lr=225; organic rank after exclusions; live anonymous SERP may vary"
"2026-08-07T18:37:34.570Z","yandex","Russia (lr=225)","desktop","ии бот поддержки","5","organic","riabot.ru","https://riabot.ru/solutions/ii-dlya-podderzhki","ИИ чат-бот для поддержки клиентов и техподдержки...","ИИ-поддержка для бизнеса: AI ассистент отвечает клиентам 24/7, обрабатывает обращения и снижает нагрузку на сотрудников.","feature/solution landing","https://yandex.ru/search/?lr=225&text=%D0%B8%D0%B8%20%D0%B1%D0%BE%D1%82%20%D0%BF%D0%BE%D0%B4%D0%B4%D0%B5%D1%80%D0%B6%D0%BA%D0%B8","ads_excluded=6; verticals excluded; lr=225; organic rank after exclusions; live anonymous SERP may vary"
"2026-08-07T18:37:35.237Z","yandex","Russia (lr=225)","desktop","контроль sla","1","organic","hubex.ru","https://hubex.ru/blog/tpost/cznl522v01-chto-eto-takoe-sla-kak-ego-pravilno-kont","SLA что это такое простыми словами, гайд по внедрению...","Содержание Что такое SLA простыми словами Как автоматизировать контроль SLA: практические шаги","статья/guide","https://yandex.ru/search/?lr=225&text=%D0%BA%D0%BE%D0%BD%D1%82%D1%80%D0%BE%D0%BB%D1%8C%20sla","ads_excluded=3; verticals excluded; lr=225; organic rank after exclusions; live anonymous SERP may vary"
"2026-08-07T18:37:35.237Z","yandex","Russia (lr=225)","desktop","контроль sla","2","organic","bpmsoft.ru","https://bpmsoft.ru/glossary/sla-chto-eto-takoe-kak-rabotaet-soglashenie-ob-urovne-servisa-i-kak-ego-kontrolirovat/","SLA: что это такое, параметры качества, примеры...","Разбираем SLA: расшифровку Service Level Agreement, параметры качества, примеры соглашений и контроль соблюдения.","статья/guide","https://yandex.ru/search/?lr=225&text=%D0%BA%D0%BE%D0%BD%D1%82%D1%80%D0%BE%D0%BB%D1%8C%20sla","ads_excluded=3; verticals excluded; lr=225; organic rank after exclusions; live anonymous SERP may vary"
"2026-08-07T18:37:35.237Z","yandex","Russia (lr=225)","desktop","контроль sla","3","organic","service.elma365.com","https://service.elma365.com/articles/sla-ola/","SLA: что это такое, пример и контроль соглашения об...","Разбираем, что такое SLA, как работает соглашение об уровне обслуживания, какие метрики входят в контроль SLA...","статья/guide","https://yandex.ru/search/?lr=225&text=%D0%BA%D0%BE%D0%BD%D1%82%D1%80%D0%BE%D0%BB%D1%8C%20sla","ads_excluded=3; verticals excluded; lr=225; organic rank after exclusions; live anonymous SERP may vary"
"2026-08-07T18:37:35.237Z","yandex","Russia (lr=225)","desktop","контроль sla","4","organic","happydesk.ru","https://happydesk.ru/vozmozhnosti/otcheti-i-sla-v-helpdesk/tpost/jp3cnzaiu1-chto-takoe-sla-i-kak-ego-kontrolirovat-c","Что такое SLA в клиентском сервисе и как его...","SLA в техподдержке: что это, как считать и контролировать сроки ответа. Простыми словами + как настроить SLA-отчёты в helpdesk-системе.","статья/guide","https://yandex.ru/search/?lr=225&text=%D0%BA%D0%BE%D0%BD%D1%82%D1%80%D0%BE%D0%BB%D1%8C%20sla","ads_excluded=3; verticals excluded; lr=225; organic rank after exclusions; live anonymous SERP may vary"
"2026-08-07T18:37:35.237Z","yandex","Russia (lr=225)","desktop","контроль sla","5","organic","itsm365.com","https://itsm365.com/blog/sla-levels/","Три уровня контроля SLA","Начальный уровень контроля SLA подходит стартапам и небольшим компаниям, которые предоставляют простые сервисы.","статья/guide","https://yandex.ru/search/?lr=225&text=%D0%BA%D0%BE%D0%BD%D1%82%D1%80%D0%BE%D0%BB%D1%8C%20sla","ads_excluded=3; verticals excluded; lr=225; organic rank after exclusions; live anonymous SERP may vary"
"2026-08-07T18:37:35.863Z","yandex","Russia (lr=225)","desktop","распределение обращений","1","organic","academy.1c-bitrix.ru","https://academy.1c-bitrix.ru/courses/?COURSE_ID=252&LESSON_ID=32198&LESSON_PATH=25060.25064.32198","Распределение обращений","Распределение обращений. Урок 6 из 19. 11 мин. ... Выполним настройки. Распределение обращений по сотрудникам.","integration/channel page","https://yandex.ru/search/?lr=225&text=%D1%80%D0%B0%D1%81%D0%BF%D1%80%D0%B5%D0%B4%D0%B5%D0%BB%D0%B5%D0%BD%D0%B8%D0%B5%20%D0%BE%D0%B1%D1%80%D0%B0%D1%89%D0%B5%D0%BD%D0%B8%D0%B9","ads_excluded=1; verticals excluded; lr=225; organic rank after exclusions; live anonymous SERP may vary"
"2026-08-07T18:37:35.863Z","yandex","Russia (lr=225)","desktop","распределение обращений","2","organic","helpdesk.bitrix24.ru","https://helpdesk.bitrix24.ru/open/26228062/","Как настроить очередь сотрудников в открытых линиях","Способ распределения обращений влияет на скорость ответа клиенту и нагрузку на операторов. Его может настроить администратор Битрикс24.","integration/channel page","https://yandex.ru/search/?lr=225&text=%D1%80%D0%B0%D1%81%D0%BF%D1%80%D0%B5%D0%B4%D0%B5%D0%BB%D0%B5%D0%BD%D0%B8%D0%B5%20%D0%BE%D0%B1%D1%80%D0%B0%D1%89%D0%B5%D0%BD%D0%B8%D0%B9","ads_excluded=1; verticals excluded; lr=225; organic rank after exclusions; live anonymous SERP may vary"
"2026-08-07T18:37:35.863Z","yandex","Russia (lr=225)","desktop","распределение обращений","3","organic","bitrix24.kz","https://www.bitrix24.kz/journal/kak-raspredelyat-obrashcheniya-iz-raznykh-kanalov-v-crm/","Как распределять обращения из разных каналов в CRM","При распределении обращений проверять доступность оператора — обращения не будут назначаться сотрудникам, которые сейчас не на работе.","статья/guide","https://yandex.ru/search/?lr=225&text=%D1%80%D0%B0%D1%81%D0%BF%D1%80%D0%B5%D0%B4%D0%B5%D0%BB%D0%B5%D0%BD%D0%B8%D0%B5%20%D0%BE%D0%B1%D1%80%D0%B0%D1%89%D0%B5%D0%BD%D0%B8%D0%B9","ads_excluded=1; verticals excluded; lr=225; organic rank after exclusions; live anonymous SERP may vary"
"2026-08-07T18:37:35.863Z","yandex","Russia (lr=225)","desktop","распределение обращений","4","organic","docs.usedesk.ru","https://docs.usedesk.ru/article/6013","Распределение обращений в чатах и запросах","Распределение обращений в чатах и запросах. Правила в Юздеске могут автоматически распределять чаты и запросы между вашими агентами.","integration/channel page","https://yandex.ru/search/?lr=225&text=%D1%80%D0%B0%D1%81%D0%BF%D1%80%D0%B5%D0%B4%D0%B5%D0%BB%D0%B5%D0%BD%D0%B8%D0%B5%20%D0%BE%D0%B1%D1%80%D0%B0%D1%89%D0%B5%D0%BD%D0%B8%D0%B9","ads_excluded=1; verticals excluded; lr=225; organic rank after exclusions; live anonymous SERP may vary"
"2026-08-07T18:37:35.863Z","yandex","Russia (lr=225)","desktop","распределение обращений","5","organic","b24.infoservice.ru","https://b24.infoservice.ru/blog/avtomaticheskoe-raspredelenie-zayavok-v-bitriks24","Как настроить распределение заявок в Битрикс24 и не...","Автоматическое распределение заявок в Битрикс24: как не потерять ни одного клиента. Эффективная работа с входящими обращениями...","статья/guide","https://yandex.ru/search/?lr=225&text=%D1%80%D0%B0%D1%81%D0%BF%D1%80%D0%B5%D0%B4%D0%B5%D0%BB%D0%B5%D0%BD%D0%B8%D0%B5%20%D0%BE%D0%B1%D1%80%D0%B0%D1%89%D0%B5%D0%BD%D0%B8%D0%B9","ads_excluded=1; verticals excluded; lr=225; organic rank after exclusions; live anonymous SERP may vary"
"2026-08-07T18:37:36.523Z","yandex","Russia (lr=225)","desktop","api службы поддержки","1","organic","its.1c.ru","https://its.1c.ru/db/freshsd/content/48727915/hdoc","API для обслуживающих организаций :: 1С:Управление...","API службы поддержки предоставляет возможность работы через SOAP и REST веб-сервисы.","integration/channel page","https://yandex.ru/search/?lr=225&text=api%20%D1%81%D0%BB%D1%83%D0%B6%D0%B1%D1%8B%20%D0%BF%D0%BE%D0%B4%D0%B4%D0%B5%D1%80%D0%B6%D0%BA%D0%B8","ads_excluded=1; verticals excluded; lr=225; organic rank after exclusions; live anonymous SERP may vary"
"2026-08-07T18:37:36.523Z","yandex","Russia (lr=225)","desktop","api службы поддержки","2","organic","learn.microsoft.com","https://learn.microsoft.com/ru-ru/rest/api/support/","Справочные материалы по REST API запросов в службу...","REST API Службы поддержки Azure позволяет создавать запросы в Службу поддержки Azure и управлять ими с помощью программных средств.","integration/channel page","https://yandex.ru/search/?lr=225&text=api%20%D1%81%D0%BB%D1%83%D0%B6%D0%B1%D1%8B%20%D0%BF%D0%BE%D0%B4%D0%B4%D0%B5%D1%80%D0%B6%D0%BA%D0%B8","ads_excluded=1; verticals excluded; lr=225; organic rank after exclusions; live anonymous SERP may vary"
"2026-08-07T18:37:36.523Z","yandex","Russia (lr=225)","desktop","api службы поддержки","3","organic","helpdeskeddy.ru","https://helpdeskeddy.ru/api.html","HelpDeskEddy API V2","API ограничено по скорости, лимит API по умолчанию составляет 300 запросов в минуту (RPM). В случае превышения лимита доступ будет...","integration/channel page","https://yandex.ru/search/?lr=225&text=api%20%D1%81%D0%BB%D1%83%D0%B6%D0%B1%D1%8B%20%D0%BF%D0%BE%D0%B4%D0%B4%D0%B5%D1%80%D0%B6%D0%BA%D0%B8","ads_excluded=1; verticals excluded; lr=225; organic rank after exclusions; live anonymous SERP may vary"
"2026-08-07T18:37:36.523Z","yandex","Russia (lr=225)","desktop","api службы поддержки","4","organic","habr.com","https://habr.com/ru/companies/ru_mts/articles/727180/","Как построить техническую поддержку в компании: от API...","Примеры создания служб технической поддержки: Пример 1. Компания по продаже путешествий предлагала свои услуги «холодному» кругу клиентов.","статья/guide","https://yandex.ru/search/?lr=225&text=api%20%D1%81%D0%BB%D1%83%D0%B6%D0%B1%D1%8B%20%D0%BF%D0%BE%D0%B4%D0%B4%D0%B5%D1%80%D0%B6%D0%BA%D0%B8","ads_excluded=1; verticals excluded; lr=225; organic rank after exclusions; live anonymous SERP may vary"
"2026-08-07T18:37:36.523Z","yandex","Russia (lr=225)","desktop","api службы поддержки","5","organic","okdesk.ru","https://okdesk.ru/apidoc/","api","Документация по API. Описание существующих методов и возможностей API. Часто задаваемые вопросы.","integration/channel page","https://yandex.ru/search/?lr=225&text=api%20%D1%81%D0%BB%D1%83%D0%B6%D0%B1%D1%8B%20%D0%BF%D0%BE%D0%B4%D0%B4%D0%B5%D1%80%D0%B6%D0%BA%D0%B8","ads_excluded=1; verticals excluded; lr=225; organic rank after exclusions; live anonymous SERP may vary"
"2026-08-07T18:38:34.679Z","google_web","Russia preference (gl=ru)","desktop","система поддержки клиентов","1","organic","kaiten.ru","https://kaiten.ru/blog/top-help-desk-sistiem/","Топ-8 лучших Help Desk систем: рейтинг программ 2026 ...","22 июл. 2024 г. — ITSM 365 — российская система автоматизации процессов пользовательской поддержки для бизнеса любого масштаба. С помощью этого инструмента можно ...","comparison/listicle","https://www.google.com/search?hl=ru&gl=ru&num=10&pws=0&q=%D1%81%D0%B8%D1%81%D1%82%D0%B5%D0%BC%D0%B0%20%D0%BF%D0%BE%D0%B4%D0%B4%D0%B5%D1%80%D0%B6%D0%BA%D0%B8%20%D0%BA%D0%BB%D0%B8%D0%B5%D0%BD%D1%82%D0%BE%D0%B2","ad_label_observed=no; hl=ru; gl=ru; pws=0; AI/vertical/sitelinks excluded; organic rank after exclusions; live anonymous SERP may vary"
"2026-08-07T18:38:34.679Z","google_web","Russia preference (gl=ru)","desktop","система поддержки клиентов","2","organic","happydesk.ru","https://happydesk.ru/","HappyDesk — хелпдеск-система и тикетная система для ...","HappyDesk — современная helpdesk-система для бизнеса. Тикетная система, онлайн-чат, база знаний и автоматизация поддержки клиентов.","homepage продукта","https://www.google.com/search?hl=ru&gl=ru&num=10&pws=0&q=%D1%81%D0%B8%D1%81%D1%82%D0%B5%D0%BC%D0%B0%20%D0%BF%D0%BE%D0%B4%D0%B4%D0%B5%D1%80%D0%B6%D0%BA%D0%B8%20%D0%BA%D0%BB%D0%B8%D0%B5%D0%BD%D1%82%D0%BE%D0%B2","ad_label_observed=no; hl=ru; gl=ru; pws=0; AI/vertical/sitelinks excluded; organic rank after exclusions; live anonymous SERP may vary"
"2026-08-07T18:38:34.679Z","google_web","Russia preference (gl=ru)","desktop","система поддержки клиентов","3","organic","helpdeski.ru","https://www.helpdeski.ru/tags/sistemy_tehnicheskoj_podderzhki/","Топ 10: Системы технической поддержки","1 окт. 2025 г. — PayDox Helpdesk - конфигурация онлайн системы документооборота PayDox, предназначенная для поддержки клиентов или внутренних пользователей.","каталог/агрегатор","https://www.google.com/search?hl=ru&gl=ru&num=10&pws=0&q=%D1%81%D0%B8%D1%81%D1%82%D0%B5%D0%BC%D0%B0%20%D0%BF%D0%BE%D0%B4%D0%B4%D0%B5%D1%80%D0%B6%D0%BA%D0%B8%20%D0%BA%D0%BB%D0%B8%D0%B5%D0%BD%D1%82%D0%BE%D0%B2","ad_label_observed=no; hl=ru; gl=ru; pws=0; AI/vertical/sitelinks excluded; organic rank after exclusions; live anonymous SERP may vary"
"2026-08-07T18:38:34.679Z","google_web","Russia preference (gl=ru)","desktop","система поддержки клиентов","4","organic","habr.com","https://habr.com/ru/companies/kaiten/articles/969542/","Лучшие Service Desk системы: что выбрать?","24 нояб. 2025 г. — Help Desk — это, по сути, «служба спасения» пользователей. Она решает инциденты: не работает принтер, пропал доступ, сломалась почта. Цель — ...","comparison/listicle","https://www.google.com/search?hl=ru&gl=ru&num=10&pws=0&q=%D1%81%D0%B8%D1%81%D1%82%D0%B5%D0%BC%D0%B0%20%D0%BF%D0%BE%D0%B4%D0%B4%D0%B5%D1%80%D0%B6%D0%BA%D0%B8%20%D0%BA%D0%BB%D0%B8%D0%B5%D0%BD%D1%82%D0%BE%D0%B2","ad_label_observed=no; hl=ru; gl=ru; pws=0; AI/vertical/sitelinks excluded; organic rank after exclusions; live anonymous SERP may vary"
"2026-08-07T18:38:34.679Z","google_web","Russia preference (gl=ru)","desktop","система поддержки клиентов","5","organic","marketing-tech.ru","https://marketing-tech.ru/online-services_tags/helpdesk/","ТОП - 10 сервисов техподдержки (helpdesk) - 2026","Поддержка клиентов — это особый тип обслуживания, который включает размещение поясняющей документации, общение, фиксацию отзывов и решение технических проблем.","каталог/агрегатор","https://www.google.com/search?hl=ru&gl=ru&num=10&pws=0&q=%D1%81%D0%B8%D1%81%D1%82%D0%B5%D0%BC%D0%B0%20%D0%BF%D0%BE%D0%B4%D0%B4%D0%B5%D1%80%D0%B6%D0%BA%D0%B8%20%D0%BA%D0%BB%D0%B8%D0%B5%D0%BD%D1%82%D0%BE%D0%B2","ad_label_observed=no; hl=ru; gl=ru; pws=0; AI/vertical/sitelinks excluded; organic rank after exclusions; live anonymous SERP may vary"
"2026-08-07T18:38:35.510Z","google_web","Russia preference (gl=ru)","desktop","сервис поддержки клиентов","1","organic","happydesk.ru","https://happydesk.ru/","HappyDesk — хелпдеск-система и тикетная система для ...","HappyDesk — современная helpdesk-система для бизнеса. Тикетная система, онлайн-чат, база знаний и автоматизация поддержки клиентов. Ускорьте обработку обращений ...","homepage продукта","https://www.google.com/search?hl=ru&gl=ru&num=10&pws=0&q=%D1%81%D0%B5%D1%80%D0%B2%D0%B8%D1%81%20%D0%BF%D0%BE%D0%B4%D0%B4%D0%B5%D1%80%D0%B6%D0%BA%D0%B8%20%D0%BA%D0%BB%D0%B8%D0%B5%D0%BD%D1%82%D0%BE%D0%B2","ad_label_observed=no; hl=ru; gl=ru; pws=0; AI/vertical/sitelinks excluded; organic rank after exclusions; live anonymous SERP may vary"
"2026-08-07T18:38:35.510Z","google_web","Russia preference (gl=ru)","desktop","сервис поддержки клиентов","2","organic","helpdeski.ru","https://www.helpdeski.ru/tags/programmy_dlja_podderzhki_klientov/","Топ 10: Программы для поддержки клиентов","28 окт. 2025 г. — Программы для поддержки клиентов бывают платные и бесплатные (как правило, open-source). Ниже даны примеры таких систем и их новости.","каталог/агрегатор","https://www.google.com/search?hl=ru&gl=ru&num=10&pws=0&q=%D1%81%D0%B5%D1%80%D0%B2%D0%B8%D1%81%20%D0%BF%D0%BE%D0%B4%D0%B4%D0%B5%D1%80%D0%B6%D0%BA%D0%B8%20%D0%BA%D0%BB%D0%B8%D0%B5%D0%BD%D1%82%D0%BE%D0%B2","ad_label_observed=no; hl=ru; gl=ru; pws=0; AI/vertical/sitelinks excluded; organic rank after exclusions; live anonymous SERP may vary"
"2026-08-07T18:38:35.510Z","google_web","Russia preference (gl=ru)","desktop","сервис поддержки клиентов","3","organic","helpdeskeddy.ru","https://helpdeskeddy.ru/","Help Desk, Service Desk система для качественной ...","HelpDeskEddy – порядок в работе с обращениями. Один сервис для всей поддержки: 20+ каналов, умная маршрутизация, гибкая настройка","homepage продукта","https://www.google.com/search?hl=ru&gl=ru&num=10&pws=0&q=%D1%81%D0%B5%D1%80%D0%B2%D0%B8%D1%81%20%D0%BF%D0%BE%D0%B4%D0%B4%D0%B5%D1%80%D0%B6%D0%BA%D0%B8%20%D0%BA%D0%BB%D0%B8%D0%B5%D0%BD%D1%82%D0%BE%D0%B2","ad_label_observed=no; hl=ru; gl=ru; pws=0; AI/vertical/sitelinks excluded; organic rank after exclusions; live anonymous SERP may vary"
"2026-08-07T18:38:35.510Z","google_web","Russia preference (gl=ru)","desktop","сервис поддержки клиентов","4","organic","idresult.ru","https://idresult.ru/10-luchshih-servisov-tehnicheskoj-podderzhki-klientov/","10 лучших сервисов технической поддержки клиентов","Обзор сервисов технической поддержки · 1. Юздеск (UseDesk) · 2. Freshdesk · 3. Zendesk · 4. Groove · 5. Омнидеск (Omnidesk) · 6. Chat2Desk · 7. Useresponse · 8.","статья/guide","https://www.google.com/search?hl=ru&gl=ru&num=10&pws=0&q=%D1%81%D0%B5%D1%80%D0%B2%D0%B8%D1%81%20%D0%BF%D0%BE%D0%B4%D0%B4%D0%B5%D1%80%D0%B6%D0%BA%D0%B8%20%D0%BA%D0%BB%D0%B8%D0%B5%D0%BD%D1%82%D0%BE%D0%B2","ad_label_observed=no; hl=ru; gl=ru; pws=0; AI/vertical/sitelinks excluded; organic rank after exclusions; live anonymous SERP may vary"
"2026-08-07T18:38:35.510Z","google_web","Russia preference (gl=ru)","desktop","сервис поддержки клиентов","5","organic","usedesk.ru","https://usedesk.ru/blog/customer-service-tools-review","Поддержка клиентов: обзор сервисов и систем для ...","Обзор инструментов для организации поддержки клиентов на примере популярных сервисов HelpDesk: чат, почта, социальные сети, мессенджеры, телефония, ...","статья/guide","https://www.google.com/search?hl=ru&gl=ru&num=10&pws=0&q=%D1%81%D0%B5%D1%80%D0%B2%D0%B8%D1%81%20%D0%BF%D0%BE%D0%B4%D0%B4%D0%B5%D1%80%D0%B6%D0%BA%D0%B8%20%D0%BA%D0%BB%D0%B8%D0%B5%D0%BD%D1%82%D0%BE%D0%B2","ad_label_observed=no; hl=ru; gl=ru; pws=0; AI/vertical/sitelinks excluded; organic rank after exclusions; live anonymous SERP may vary"
"2026-08-07T18:38:36.320Z","google_web","Russia preference (gl=ru)","desktop","helpdesk для бизнеса","1","organic","helpdeski.ru","https://www.helpdeski.ru/tags/helpdesk_dlja_malogo_biznesa/","Топ 10: Helpdesk для малого бизнеса","Helpdesk для малого бизнеса - это, как правило, недорогие или бесплатные программы с простым функционалом. Ниже даны примеры таких программ и их...","каталог/агрегатор","https://www.google.com/search?hl=ru&gl=ru&num=10&pws=0&q=helpdesk%20%D0%B4%D0%BB%D1%8F%20%D0%B1%D0%B8%D0%B7%D0%BD%D0%B5%D1%81%D0%B0","ad_label_observed=no; hl=ru; gl=ru; pws=0; AI/vertical/sitelinks excluded; organic rank after exclusions; live anonymous SERP may vary"
"2026-08-07T18:38:36.320Z","google_web","Russia preference (gl=ru)","desktop","helpdesk для бизнеса","2","organic","naumen.ru","https://naumen.ru/products/service_desk/whats_help_desk/","Help Desk системы: что такое и для чего нужны бизнесу","Основные функции Help Desk · Прием и регистрация обращений · Классификация и приоритизация запросов · Управление инцидентами и запросами на обслуживание.","feature/solution landing","https://www.google.com/search?hl=ru&gl=ru&num=10&pws=0&q=helpdesk%20%D0%B4%D0%BB%D1%8F%20%D0%B1%D0%B8%D0%B7%D0%BD%D0%B5%D1%81%D0%B0","ad_label_observed=no; hl=ru; gl=ru; pws=0; AI/vertical/sitelinks excluded; organic rank after exclusions; live anonymous SERP may vary"
"2026-08-07T18:38:36.320Z","google_web","Russia preference (gl=ru)","desktop","helpdesk для бизнеса","3","organic","marketing-tech.ru","https://marketing-tech.ru/online-services_tags/helpdesk/","ТОП - 10 сервисов техподдержки (helpdesk) - 2026","ТОП — 10 сервисов техподдержки (helpdesk) ; 1, Юздеск, Обработка запросов из всех каналов в одном окне. Автоматизация рутинной работы, автоответы на основные ...","каталог/агрегатор","https://www.google.com/search?hl=ru&gl=ru&num=10&pws=0&q=helpdesk%20%D0%B4%D0%BB%D1%8F%20%D0%B1%D0%B8%D0%B7%D0%BD%D0%B5%D1%81%D0%B0","ad_label_observed=no; hl=ru; gl=ru; pws=0; AI/vertical/sitelinks excluded; organic rank after exclusions; live anonymous SERP may vary"
"2026-08-07T18:38:36.320Z","google_web","Russia preference (gl=ru)","desktop","helpdesk для бизнеса","4","organic","teamly.ru","https://teamly.ru/blog/chto_takoje_helpdesk/","Что такое Help desk системы и для чего они нужны ...","11 мар. 2026 г. — Обычно под хелпдеском понимают программу, в которую стекаются все обращения клиентов. Почта, мессенджеры, чат на сайте, звонки – неважно, откуда ...","статья/guide","https://www.google.com/search?hl=ru&gl=ru&num=10&pws=0&q=helpdesk%20%D0%B4%D0%BB%D1%8F%20%D0%B1%D0%B8%D0%B7%D0%BD%D0%B5%D1%81%D0%B0","ad_label_observed=no; hl=ru; gl=ru; pws=0; AI/vertical/sitelinks excluded; organic rank after exclusions; live anonymous SERP may vary"
"2026-08-07T18:38:36.320Z","google_web","Russia preference (gl=ru)","desktop","helpdesk для бизнеса","5","organic","kaiten.ru","https://kaiten.ru/blog/top-help-desk-sistiem/","Топ-8 лучших Help Desk систем: рейтинг программ 2026 ...","22 июл. 2024 г. — Help Desk — это программы, созданные для приема, регистрации и обработки входящих запросов (тикетов) от пользователей. Их применяют службы ...","comparison/listicle","https://www.google.com/search?hl=ru&gl=ru&num=10&pws=0&q=helpdesk%20%D0%B4%D0%BB%D1%8F%20%D0%B1%D0%B8%D0%B7%D0%BD%D0%B5%D1%81%D0%B0","ad_label_observed=no; hl=ru; gl=ru; pws=0; AI/vertical/sitelinks excluded; organic rank after exclusions; live anonymous SERP may vary"
"2026-08-07T18:38:37.185Z","google_web","Russia preference (gl=ru)","desktop","единое окно поддержки","1","organic","rea.ru","https://www.rea.ru/structure/departments/upravlenie-po-sotsialno-vospitatelnoy-rabote/otdel-po-sotsialnoy-rabote/edinoe-okno-podderjki-studencheskih-semey","Единое окно поддержки студенческих семей","Материальная (финансовая) поддержка · личное заявление; · копия паспорта (1 и 2 страницы, полный разворот страниц с пропиской); · для иностранных граждан - ...","нецелевой результат","https://www.google.com/search?hl=ru&gl=ru&num=10&pws=0&q=%D0%B5%D0%B4%D0%B8%D0%BD%D0%BE%D0%B5%20%D0%BE%D0%BA%D0%BD%D0%BE%20%D0%BF%D0%BE%D0%B4%D0%B4%D0%B5%D1%80%D0%B6%D0%BA%D0%B8","ad_label_observed=no; hl=ru; gl=ru; pws=0; AI/vertical/sitelinks excluded; organic rank after exclusions; live anonymous SERP may vary"
"2026-08-07T18:38:37.185Z","google_web","Russia preference (gl=ru)","desktop","единое окно поддержки","2","organic","ranepa.ru","https://www.ranepa.ru/edinoe-okno/","«Единое окно» для молодых семей в Президентской ...","Государственная поддержка молодых семей в России, предполагающая оплату части стоимости квартиры за семью государством в форме субсидии. Кто может получить:.","нецелевой результат","https://www.google.com/search?hl=ru&gl=ru&num=10&pws=0&q=%D0%B5%D0%B4%D0%B8%D0%BD%D0%BE%D0%B5%20%D0%BE%D0%BA%D0%BD%D0%BE%20%D0%BF%D0%BE%D0%B4%D0%B4%D0%B5%D1%80%D0%B6%D0%BA%D0%B8","ad_label_observed=no; hl=ru; gl=ru; pws=0; AI/vertical/sitelinks excluded; organic rank after exclusions; live anonymous SERP may vary"
"2026-08-07T18:38:37.185Z","google_web","Russia preference (gl=ru)","desktop","единое окно поддержки","3","organic","msupport.dszn.ru","https://msupport.dszn.ru/","Единый центр поддержки | Единый Центр","Поддержка семей, школа, детский сад ✓ Получить выплаты, денежное довольствие ✓ Поддержать себя в непростое время, психолог ✓ Мобилизационная повестка, ...","нецелевой результат","https://www.google.com/search?hl=ru&gl=ru&num=10&pws=0&q=%D0%B5%D0%B4%D0%B8%D0%BD%D0%BE%D0%B5%20%D0%BE%D0%BA%D0%BD%D0%BE%20%D0%BF%D0%BE%D0%B4%D0%B4%D0%B5%D1%80%D0%B6%D0%BA%D0%B8","ad_label_observed=no; hl=ru; gl=ru; pws=0; AI/vertical/sitelinks excluded; organic rank after exclusions; live anonymous SERP may vary"
"2026-08-07T18:38:37.185Z","google_web","Russia preference (gl=ru)","desktop","единое окно поддержки","4","organic","mephi.ru","https://mephi.ru/node/23944","Поддержка молодых семей в формате «единого окна»","Общий перечень мер поддержки: · Материальная (финансовая) поддержка · Инфраструктурная поддержка · Информационная поддержка · Иные меры поддержки. Контактные ...","нецелевой результат","https://www.google.com/search?hl=ru&gl=ru&num=10&pws=0&q=%D0%B5%D0%B4%D0%B8%D0%BD%D0%BE%D0%B5%20%D0%BE%D0%BA%D0%BD%D0%BE%20%D0%BF%D0%BE%D0%B4%D0%B4%D0%B5%D1%80%D0%B6%D0%BA%D0%B8","ad_label_observed=no; hl=ru; gl=ru; pws=0; AI/vertical/sitelinks excluded; organic rank after exclusions; live anonymous SERP may vary"
"2026-08-07T18:38:37.185Z","google_web","Russia preference (gl=ru)","desktop","единое окно поддержки","5","organic","surikov-vuz.com","https://surikov-vuz.com/edinoe_okno_podderjki_molodih_semey/","Единое окно поддержки молодых семей","Формат единого окна направлен на формирование единой и комплексной системы поддержки молодых студенческих семей и семей молодых преподавателей вузов и ...","нецелевой результат","https://www.google.com/search?hl=ru&gl=ru&num=10&pws=0&q=%D0%B5%D0%B4%D0%B8%D0%BD%D0%BE%D0%B5%20%D0%BE%D0%BA%D0%BD%D0%BE%20%D0%BF%D0%BE%D0%B4%D0%B4%D0%B5%D1%80%D0%B6%D0%BA%D0%B8","ad_label_observed=no; hl=ru; gl=ru; pws=0; AI/vertical/sitelinks excluded; organic rank after exclusions; live anonymous SERP may vary"
"2026-08-07T18:38:37.934Z","google_web","Russia preference (gl=ru)","desktop","омниканальная поддержка","1","organic","voxys.ru","https://www.voxys.ru/blog/omnikanalnaja-podderzhka.html","Омниканальная поддержка клиентов: что это и как внедрить","5 нояб. 2025 г. — Омниканальная поддержка — это подход к организации клиентского сервиса, при котором все каналы связи интегрированы в единую платформу с общей ...","статья/guide","https://www.google.com/search?hl=ru&gl=ru&num=10&pws=0&q=%D0%BE%D0%BC%D0%BD%D0%B8%D0%BA%D0%B0%D0%BD%D0%B0%D0%BB%D1%8C%D0%BD%D0%B0%D1%8F%20%D0%BF%D0%BE%D0%B4%D0%B4%D0%B5%D1%80%D0%B6%D0%BA%D0%B0","ad_label_observed=no; hl=ru; gl=ru; pws=0; AI/vertical/sitelinks excluded; organic rank after exclusions; live anonymous SERP may vary"
"2026-08-07T18:38:37.934Z","google_web","Russia preference (gl=ru)","desktop","омниканальная поддержка","2","organic","shtab.app","https://shtab.app/glossary/omnichannel-support/","Омниканальная поддержка: что это и зачем | Глоссарий ...","Омниканальная поддержка — это когда клиент пишет в чат на сайте, потом продолжает в телеграме, а потом звонит — и оператор видит всю историю как единый ...","статья/guide","https://www.google.com/search?hl=ru&gl=ru&num=10&pws=0&q=%D0%BE%D0%BC%D0%BD%D0%B8%D0%BA%D0%B0%D0%BD%D0%B0%D0%BB%D1%8C%D0%BD%D0%B0%D1%8F%20%D0%BF%D0%BE%D0%B4%D0%B4%D0%B5%D1%80%D0%B6%D0%BA%D0%B0","ad_label_observed=no; hl=ru; gl=ru; pws=0; AI/vertical/sitelinks excluded; organic rank after exclusions; live anonymous SERP may vary"
"2026-08-07T18:38:37.934Z","google_web","Russia preference (gl=ru)","desktop","омниканальная поддержка","3","organic","brutalmarketing.me","https://brutalmarketing.me/blog/omnikanalnaya-podderzhka-klientov","Омниканальная поддержка клиентов: как выстроить ...","Как обеспечить клиентам качественную поддержку через чат, email, телефон и соцсети? Разбираем омниканальный подход: шаги внедрения, примеры Nike и Adidas, ...","статья/guide","https://www.google.com/search?hl=ru&gl=ru&num=10&pws=0&q=%D0%BE%D0%BC%D0%BD%D0%B8%D0%BA%D0%B0%D0%BD%D0%B0%D0%BB%D1%8C%D0%BD%D0%B0%D1%8F%20%D0%BF%D0%BE%D0%B4%D0%B4%D0%B5%D1%80%D0%B6%D0%BA%D0%B0","ad_label_observed=no; hl=ru; gl=ru; pws=0; AI/vertical/sitelinks excluded; organic rank after exclusions; live anonymous SERP may vary"
"2026-08-07T18:38:37.934Z","google_web","Russia preference (gl=ru)","desktop","омниканальная поддержка","4","organic","webim.ru","https://webim.ru/","Webim: омниканальная чат-платформа для общения с ...","Отвечайте на вопросы клиентов и превращайте посетителей в покупателей с помощью чат-виджета. Организуйте омниканальную поддержку онлайн прямо на вашем сайте.","homepage продукта","https://www.google.com/search?hl=ru&gl=ru&num=10&pws=0&q=%D0%BE%D0%BC%D0%BD%D0%B8%D0%BA%D0%B0%D0%BD%D0%B0%D0%BB%D1%8C%D0%BD%D0%B0%D1%8F%20%D0%BF%D0%BE%D0%B4%D0%B4%D0%B5%D1%80%D0%B6%D0%BA%D0%B0","ad_label_observed=no; hl=ru; gl=ru; pws=0; AI/vertical/sitelinks excluded; organic rank after exclusions; live anonymous SERP may vary"
"2026-08-07T18:38:37.934Z","google_web","Russia preference (gl=ru)","desktop","омниканальная поддержка","5","organic","respond.io","https://respond.io/ru/blog/omnichannel-support","Зачем использовать платформу поддержки омниканала ...","3 июл. 2026 г. — Омниканальная поддержка - это клиентская стратегия, которая включает в себя предоставление поддержки по многим различным каналам и точкам ...","статья/guide","https://www.google.com/search?hl=ru&gl=ru&num=10&pws=0&q=%D0%BE%D0%BC%D0%BD%D0%B8%D0%BA%D0%B0%D0%BD%D0%B0%D0%BB%D1%8C%D0%BD%D0%B0%D1%8F%20%D0%BF%D0%BE%D0%B4%D0%B4%D0%B5%D1%80%D0%B6%D0%BA%D0%B0","ad_label_observed=no; hl=ru; gl=ru; pws=0; AI/vertical/sitelinks excluded; organic rank after exclusions; live anonymous SERP may vary"
"2026-08-07T18:38:38.860Z","google_web","Russia preference (gl=ru)","desktop","чат поддержки для сайта","1","organic","unisender.com","https://www.unisender.com/ru/blog/onlayn-chaty-dlya-sajta/","9 онлайн-чатов для сайта: топ лучших по функционалу","20 авг. 2024 г. — «Диалоги +» ― общение с сайта и мессенджеров в одном окне · Envybox — онлайн-чат с персонализацией обращений · Jivo — универсальный онлайн-чат.","comparison/listicle","https://www.google.com/search?hl=ru&gl=ru&num=10&pws=0&q=%D1%87%D0%B0%D1%82%20%D0%BF%D0%BE%D0%B4%D0%B4%D0%B5%D1%80%D0%B6%D0%BA%D0%B8%20%D0%B4%D0%BB%D1%8F%20%D1%81%D0%B0%D0%B9%D1%82%D0%B0","ad_label_observed=no; hl=ru; gl=ru; pws=0; AI/vertical/sitelinks excluded; organic rank after exclusions; live anonymous SERP may vary"
"2026-08-07T18:38:38.860Z","google_web","Russia preference (gl=ru)","desktop","чат поддержки для сайта","2","organic","usedesk.ru","https://usedesk.ru/blog/luchshie-onlajn-chaty-dlya-sajta","Лучшие онлайн-чаты для сайта: рейтинг, функции и ...","7 июл. 2025 г. — Выбираете онлайн-чат для сайта? Сравнили лучшие сервисы, виджеты и консультантов. Узнайте, как добавить чат на сайт и повысить продажи.","comparison/listicle","https://www.google.com/search?hl=ru&gl=ru&num=10&pws=0&q=%D1%87%D0%B0%D1%82%20%D0%BF%D0%BE%D0%B4%D0%B4%D0%B5%D1%80%D0%B6%D0%BA%D0%B8%20%D0%B4%D0%BB%D1%8F%20%D1%81%D0%B0%D0%B9%D1%82%D0%B0","ad_label_observed=no; hl=ru; gl=ru; pws=0; AI/vertical/sitelinks excluded; organic rank after exclusions; live anonymous SERP may vary"
"2026-08-07T18:38:38.860Z","google_web","Russia preference (gl=ru)","desktop","чат поддержки для сайта","3","organic","webim.ru","https://webim.ru/chat-for-site/","Онлайн-чат для сайта Webim — интеграция, чат-боты, ...","Общение с клиентами в чате на сайте и других каналах без использования браузера. · Быстрая и бесплатная установка. · Звуковые и визуальные оповещения о новых ...","feature/solution landing","https://www.google.com/search?hl=ru&gl=ru&num=10&pws=0&q=%D1%87%D0%B0%D1%82%20%D0%BF%D0%BE%D0%B4%D0%B4%D0%B5%D1%80%D0%B6%D0%BA%D0%B8%20%D0%B4%D0%BB%D1%8F%20%D1%81%D0%B0%D0%B9%D1%82%D0%B0","ad_label_observed=no; hl=ru; gl=ru; pws=0; AI/vertical/sitelinks excluded; organic rank after exclusions; live anonymous SERP may vary"
"2026-08-07T18:38:38.860Z","google_web","Russia preference (gl=ru)","desktop","чат поддержки для сайта","4","organic","chatapp.online","https://chatapp.online/chat-na-sajt/","Чат на сайт с AI-оператором за 450 ₽ в месяц","Чат на сайт с AI-оператором за 450 ₽/мес. Безлимит операторов, ответы 24/7, автосоздание сделок в Битрикс24 и amoCRM. Установка за 5 минут на любой CMS.","feature/solution landing","https://www.google.com/search?hl=ru&gl=ru&num=10&pws=0&q=%D1%87%D0%B0%D1%82%20%D0%BF%D0%BE%D0%B4%D0%B4%D0%B5%D1%80%D0%B6%D0%BA%D0%B8%20%D0%B4%D0%BB%D1%8F%20%D1%81%D0%B0%D0%B9%D1%82%D0%B0","ad_label_observed=no; hl=ru; gl=ru; pws=0; AI/vertical/sitelinks excluded; organic rank after exclusions; live anonymous SERP may vary"
"2026-08-07T18:38:38.860Z","google_web","Russia preference (gl=ru)","desktop","чат поддержки для сайта","5","organic","umnico.com","https://umnico.com/ru/onlinechat/","Чат для сайта | Виджет онлайн-чата Umnico Live Chat","Чат на сайте — маленькое окно для переписки на веб-странице, через которое посетитель может задать вопрос консультанту или службе поддержки и получить ответ в ...","feature/solution landing","https://www.google.com/search?hl=ru&gl=ru&num=10&pws=0&q=%D1%87%D0%B0%D1%82%20%D0%BF%D0%BE%D0%B4%D0%B4%D0%B5%D1%80%D0%B6%D0%BA%D0%B8%20%D0%B4%D0%BB%D1%8F%20%D1%81%D0%B0%D0%B9%D1%82%D0%B0","ad_label_observed=no; hl=ru; gl=ru; pws=0; AI/vertical/sitelinks excluded; organic rank after exclusions; live anonymous SERP may vary"
"2026-08-07T18:38:39.801Z","google_web","Russia preference (gl=ru)","desktop","поддержка клиентов telegram","1","organic","telegram.org","https://telegram.org/support?setln=ru","Поддержка Telegram","Поддержка. Опишите свою проблему: Ваше полное имя, отчество и фамилия: Ваш email: Ваш номер телефона: Отправить. Telegram. Telegram — это облачный мессенджер ...","нецелевой результат","https://www.google.com/search?hl=ru&gl=ru&num=10&pws=0&q=%D0%BF%D0%BE%D0%B4%D0%B4%D0%B5%D1%80%D0%B6%D0%BA%D0%B0%20%D0%BA%D0%BB%D0%B8%D0%B5%D0%BD%D1%82%D0%BE%D0%B2%20telegram","ad_label_observed=no; hl=ru; gl=ru; pws=0; AI/vertical/sitelinks excluded; organic rank after exclusions; live anonymous SERP may vary"
"2026-08-07T18:38:39.801Z","google_web","Russia preference (gl=ru)","desktop","поддержка клиентов telegram","2","organic","telegram.org","https://telegram.org/support","Telegram support","Support. Please describe your problem: Your full legal name: Your email: Your phone number: Submit. Telegram. Telegram is a cloud-based mobile and desktop ...","нецелевой результат","https://www.google.com/search?hl=ru&gl=ru&num=10&pws=0&q=%D0%BF%D0%BE%D0%B4%D0%B4%D0%B5%D1%80%D0%B6%D0%BA%D0%B0%20%D0%BA%D0%BB%D0%B8%D0%B5%D0%BD%D1%82%D0%BE%D0%B2%20telegram","ad_label_observed=no; hl=ru; gl=ru; pws=0; AI/vertical/sitelinks excluded; organic rank after exclusions; live anonymous SERP may vary"
"2026-08-07T18:38:39.801Z","google_web","Russia preference (gl=ru)","desktop","поддержка клиентов telegram","3","organic","xn--80affa3aj0al.xn--80asehdb","https://xn--80affa3aj0al.xn--80asehdb/wiki/%D0%BA%D0%B0%D0%BA-%D0%B8-%D0%BA%D1%83%D0%B4%D0%B0-%D0%BE%D0%B1%D1%80%D0%B0%D1%82%D0%B8%D1%82%D1%8C%D1%81%D1%8F-%D0%B2-%D1%81%D0%BB%D1%83%D0%B6%D0%B1%D1%83-%D0%BF%D0%BE%D0%B4%D0%B4%D0%B5%D1%80%D0%B6%D0%BA%D0%B8-%D1%82%D0%B5%D0%BB%D0%B5%D0%B3%D1%80%D0%B0%D0%BC/#:~:text=%D0%A4%D0%BE%D1%80%D0%BC%D0%B0%20%D1%81%D0%B2%D1%8F%D0%B7%D0%B8%20%D1%81%20%D0%BF%D0%BE%D0%B4%D0%B4%D0%B5%D1%80%D0%B6%D0%BA%D0%BE%D0%B9,%D0%BD%D0%B0%20%D1%80%D1%83%D1%81%D1%81%D0%BA%D0%BE%D0%BC%20%D0%B8%D0%BB%D0%B8%20%D0%B0%D0%BD%D0%B3%D0%BB%D0%B8%D0%B9%D1%81%D0%BA%D0%BE%D0%BC%20%D1%8F%D0%B7%D1%8B%D0%BA%D0%B5.","Как и куда обратиться в службу поддержки Телеграм","absent_in_serp","нецелевой результат","https://www.google.com/search?hl=ru&gl=ru&num=10&pws=0&q=%D0%BF%D0%BE%D0%B4%D0%B4%D0%B5%D1%80%D0%B6%D0%BA%D0%B0%20%D0%BA%D0%BB%D0%B8%D0%B5%D0%BD%D1%82%D0%BE%D0%B2%20telegram","ad_label_observed=no; hl=ru; gl=ru; pws=0; AI/vertical/sitelinks excluded; organic rank after exclusions; live anonymous SERP may vary"
"2026-08-07T18:38:39.801Z","google_web","Russia preference (gl=ru)","desktop","поддержка клиентов telegram","4","organic","m.vk.ru","https://m.vk.ru/wall-164391631_527","Куда можно обратиться в случае проблем и вопросов, связанных с ...","absent_in_serp","нецелевой результат","https://www.google.com/search?hl=ru&gl=ru&num=10&pws=0&q=%D0%BF%D0%BE%D0%B4%D0%B4%D0%B5%D1%80%D0%B6%D0%BA%D0%B0%20%D0%BA%D0%BB%D0%B8%D0%B5%D0%BD%D1%82%D0%BE%D0%B2%20telegram","ad_label_observed=no; hl=ru; gl=ru; pws=0; AI/vertical/sitelinks excluded; organic rank after exclusions; live anonymous SERP may vary"
"2026-08-07T18:38:39.801Z","google_web","Russia preference (gl=ru)","desktop","поддержка клиентов telegram","5","organic","digital.gov74.ru","https://digital.gov74.ru/files/%D0%9F%D0%B0%D0%BC%D1%8F%D1%82%D0%BA%D0%B0_%D0%BF%D0%BE_%D0%B1%D0%BB%D0%BE%D0%BA%D0%B8%D1%80%D0%BE%D0%B2%D0%BA%D0%B5_%D1%84%D0%B5%D0%B9%D0%BA%D0%BE%D0%B2%D1%8B%D1%85_%D0%B0%D0%BA%D0%BA%D0%B0%D1%83%D0%BD%D1%82%D0%BE%D0%B2,_%D0%BA%D0%B0%D0%BD%D0%B0%D0%BB%D0%BE%D0%B2_%D0%B2_Telegram.pdf","ПАМЯТКА по блокировке фейкового аккаунта, канала в Telegram","absent_in_serp","нецелевой результат","https://www.google.com/search?hl=ru&gl=ru&num=10&pws=0&q=%D0%BF%D0%BE%D0%B4%D0%B4%D0%B5%D1%80%D0%B6%D0%BA%D0%B0%20%D0%BA%D0%BB%D0%B8%D0%B5%D0%BD%D1%82%D0%BE%D0%B2%20telegram","ad_label_observed=no; hl=ru; gl=ru; pws=0; AI/vertical/sitelinks excluded; organic rank after exclusions; live anonymous SERP may vary"
"2026-08-07T18:38:41.084Z","google_web","Russia preference (gl=ru)","desktop","автоматизация клиентской поддержки","1","organic","it-guild.com","https://it-guild.com/info/blog/sistemy-avtomatizaczii-podderzhki/","Системы автоматизации поддержки 2026: ТОП-10 ...","25 февр. 2026 г. — Системы автоматизации поддержки — это программное обеспечение, которое превращает хаос из звонков, писем и сообщений в мессенджерах в ...","comparison/listicle","https://www.google.com/search?hl=ru&gl=ru&num=10&pws=0&q=%D0%B0%D0%B2%D1%82%D0%BE%D0%BC%D0%B0%D1%82%D0%B8%D0%B7%D0%B0%D1%86%D0%B8%D1%8F%20%D0%BA%D0%BB%D0%B8%D0%B5%D0%BD%D1%82%D1%81%D0%BA%D0%BE%D0%B9%20%D0%BF%D0%BE%D0%B4%D0%B4%D0%B5%D1%80%D0%B6%D0%BA%D0%B8","ad_label_observed=no; hl=ru; gl=ru; pws=0; AI/vertical/sitelinks excluded; organic rank after exclusions; live anonymous SERP may vary"
"2026-08-07T18:38:41.084Z","google_web","Russia preference (gl=ru)","desktop","автоматизация клиентской поддержки","2","organic","usedesk.ru","https://usedesk.ru/guide-automation-in-2025","Гайд ""Как автоматизировать клиентскую поддержку в ...","Создали пошаговый гайд, который поможет выстроить процессы последовательно, устранить узкие места и повысить управляемость клиентского сервиса. Гайд.","статья/guide","https://www.google.com/search?hl=ru&gl=ru&num=10&pws=0&q=%D0%B0%D0%B2%D1%82%D0%BE%D0%BC%D0%B0%D1%82%D0%B8%D0%B7%D0%B0%D1%86%D0%B8%D1%8F%20%D0%BA%D0%BB%D0%B8%D0%B5%D0%BD%D1%82%D1%81%D0%BA%D0%BE%D0%B9%20%D0%BF%D0%BE%D0%B4%D0%B4%D0%B5%D1%80%D0%B6%D0%BA%D0%B8","ad_label_observed=no; hl=ru; gl=ru; pws=0; AI/vertical/sitelinks excluded; organic rank after exclusions; live anonymous SERP may vary"
"2026-08-07T18:38:41.084Z","google_web","Russia preference (gl=ru)","desktop","автоматизация клиентской поддержки","3","organic","autofaq.ai","https://autofaq.ai/blog/avtomatizatsiya-sluzhby-podderzhki-kak-boty-i-ii-menyayut-podkhod","Автоматизация службы поддержки: как боты и ИИ ...","Автоматизация звонков с помощью ИИ выводит телефонную поддержку на новый уровень. Голосовые боты (IVR с ИИ) могут отвечать на простые вопросы (например, «Какой ...","статья/guide","https://www.google.com/search?hl=ru&gl=ru&num=10&pws=0&q=%D0%B0%D0%B2%D1%82%D0%BE%D0%BC%D0%B0%D1%82%D0%B8%D0%B7%D0%B0%D1%86%D0%B8%D1%8F%20%D0%BA%D0%BB%D0%B8%D0%B5%D0%BD%D1%82%D1%81%D0%BA%D0%BE%D0%B9%20%D0%BF%D0%BE%D0%B4%D0%B4%D0%B5%D1%80%D0%B6%D0%BA%D0%B8","ad_label_observed=no; hl=ru; gl=ru; pws=0; AI/vertical/sitelinks excluded; organic rank after exclusions; live anonymous SERP may vary"
"2026-08-07T18:38:41.084Z","google_web","Russia preference (gl=ru)","desktop","автоматизация клиентской поддержки","4","organic","habr.com","https://habr.com/ru/companies/bpmsoft/articles/942120/","Автоматизация клиентского сервиса","29 авг. 2025 г. — Система автоматизации служб клиентской и технической поддержки пользователей, помогающая решать трудности с услугами и продуктами. Запросы ...","статья/guide","https://www.google.com/search?hl=ru&gl=ru&num=10&pws=0&q=%D0%B0%D0%B2%D1%82%D0%BE%D0%BC%D0%B0%D1%82%D0%B8%D0%B7%D0%B0%D1%86%D0%B8%D1%8F%20%D0%BA%D0%BB%D0%B8%D0%B5%D0%BD%D1%82%D1%81%D0%BA%D0%BE%D0%B9%20%D0%BF%D0%BE%D0%B4%D0%B4%D0%B5%D1%80%D0%B6%D0%BA%D0%B8","ad_label_observed=no; hl=ru; gl=ru; pws=0; AI/vertical/sitelinks excluded; organic rank after exclusions; live anonymous SERP may vary"
"2026-08-07T18:38:41.084Z","google_web","Russia preference (gl=ru)","desktop","автоматизация клиентской поддержки","5","organic","vc.ru","https://vc.ru/services/2923363-avtomatizatsiya-podderzhki-klientov","Автоматизация поддержки клиентов в 2026 году","13 мая 2026 г. — сократить время первого ответа;; не терять обращения;; разгрузить операторов;; автоматизировать повторяющиеся вопросы;; повысить конверсию из ...","статья/guide","https://www.google.com/search?hl=ru&gl=ru&num=10&pws=0&q=%D0%B0%D0%B2%D1%82%D0%BE%D0%BC%D0%B0%D1%82%D0%B8%D0%B7%D0%B0%D1%86%D0%B8%D1%8F%20%D0%BA%D0%BB%D0%B8%D0%B5%D0%BD%D1%82%D1%81%D0%BA%D0%BE%D0%B9%20%D0%BF%D0%BE%D0%B4%D0%B4%D0%B5%D1%80%D0%B6%D0%BA%D0%B8","ad_label_observed=no; hl=ru; gl=ru; pws=0; AI/vertical/sitelinks excluded; organic rank after exclusions; live anonymous SERP may vary"
"2026-08-07T18:38:42.300Z","google_web","Russia preference (gl=ru)","desktop","ии бот поддержки","1","organic","autofaq.ai","https://autofaq.ai/blog/kak-integrirovat-chat-bota-na-baze-ii-v-tekh-podderzhku","Чат-бот ИИ для техподдержки: интеграция за 5 шагов ...","ИИ-чат-бот техподдержки — это программный агент, который понимает вопросы пользователей на естественном языке, извлекает ответы из базы знаний и самостоятельно ...","статья/guide","https://www.google.com/search?hl=ru&gl=ru&num=10&pws=0&q=%D0%B8%D0%B8%20%D0%B1%D0%BE%D1%82%20%D0%BF%D0%BE%D0%B4%D0%B4%D0%B5%D1%80%D0%B6%D0%BA%D0%B8","ad_label_observed=no; hl=ru; gl=ru; pws=0; AI/vertical/sitelinks excluded; organic rank after exclusions; live anonymous SERP may vary"
"2026-08-07T18:38:42.300Z","google_web","Russia preference (gl=ru)","desktop","ии бот поддержки","2","organic","smartbotpro.ru","https://www.smartbotpro.ru/","Платформа создания чат-ботов с искусственным ...","Конструктор чат‑ботов и ИИ‑ассистентов. Отвечайте клиентам 24/7 и продавайте больше. Боты сокращают затраты на поддержку и освобождают время сотрудников.","homepage продукта","https://www.google.com/search?hl=ru&gl=ru&num=10&pws=0&q=%D0%B8%D0%B8%20%D0%B1%D0%BE%D1%82%20%D0%BF%D0%BE%D0%B4%D0%B4%D0%B5%D1%80%D0%B6%D0%BA%D0%B8","ad_label_observed=no; hl=ru; gl=ru; pws=0; AI/vertical/sitelinks excluded; organic rank after exclusions; live anonymous SERP may vary"
"2026-08-07T18:38:42.300Z","google_web","Russia preference (gl=ru)","desktop","ии бот поддержки","3","organic","jivo.ru","https://www.jivo.ru/blog/tutorials-jivo/ai-chatbot-support.html","ИИ чат-бот для поддержки: автоматизация службы ...","6 дек. 2025 г. — Как используется ИИ в службе поддержки · 1. Обрабатывает типовые запросы. · 2. Отвечают на языке клиента. · 3. Помогает распределять сообщения.","статья/guide","https://www.google.com/search?hl=ru&gl=ru&num=10&pws=0&q=%D0%B8%D0%B8%20%D0%B1%D0%BE%D1%82%20%D0%BF%D0%BE%D0%B4%D0%B4%D0%B5%D1%80%D0%B6%D0%BA%D0%B8","ad_label_observed=no; hl=ru; gl=ru; pws=0; AI/vertical/sitelinks excluded; organic rank after exclusions; live anonymous SERP may vary"
"2026-08-07T18:38:42.300Z","google_web","Russia preference (gl=ru)","desktop","ии бот поддержки","4","organic","amsales.ru","https://amsales.ru/journal/ai-chat-bot-support/","Как внедрить AI-чат-бота для поддержки клиентов - AmSales","5 мар. 2026 г. — Как внедрить AI-чат-бота для поддержки клиентов: полный гайд · 01Шаг 1: Определите цель и задачи бота · 02Шаг 2: Выбор платформы и технологий · 03 ...","статья/guide","https://www.google.com/search?hl=ru&gl=ru&num=10&pws=0&q=%D0%B8%D0%B8%20%D0%B1%D0%BE%D1%82%20%D0%BF%D0%BE%D0%B4%D0%B4%D0%B5%D1%80%D0%B6%D0%BA%D0%B8","ad_label_observed=no; hl=ru; gl=ru; pws=0; AI/vertical/sitelinks excluded; organic rank after exclusions; live anonymous SERP may vary"
"2026-08-07T18:38:42.300Z","google_web","Russia preference (gl=ru)","desktop","ии бот поддержки","5","organic","carrotquest.io","https://www.carrotquest.io/ai-bot/","AI-бот для команды поддержки","Создайте AI-бота за 1 день без помощи разработчиков и закрывайте до 40% обращений в чате, email и мессенджерах. Работает 24/7 и... не уходит в отпуск. Заказать ...","статья/guide","https://www.google.com/search?hl=ru&gl=ru&num=10&pws=0&q=%D0%B8%D0%B8%20%D0%B1%D0%BE%D1%82%20%D0%BF%D0%BE%D0%B4%D0%B4%D0%B5%D1%80%D0%B6%D0%BA%D0%B8","ad_label_observed=no; hl=ru; gl=ru; pws=0; AI/vertical/sitelinks excluded; organic rank after exclusions; live anonymous SERP may vary"
"2026-08-07T18:38:43.463Z","google_web","Russia preference (gl=ru)","desktop","контроль sla","1","organic","okdesk.ru","https://okdesk.ru/blog/about-sla/","Что такое SLA? Service Level Agreement и Operational ...","13 июл. 2021 г. — SLA дает возможность оценить, стоит ли сервис тех денег, которые за него уплачены. Кроме того, соглашение позволяет бизнесу прогнозировать ...","статья/guide","https://www.google.com/search?hl=ru&gl=ru&num=10&pws=0&q=%D0%BA%D0%BE%D0%BD%D1%82%D1%80%D0%BE%D0%BB%D1%8C%20sla","ad_label_observed=no; hl=ru; gl=ru; pws=0; AI/vertical/sitelinks excluded; organic rank after exclusions; live anonymous SERP may vary"
"2026-08-07T18:38:43.463Z","google_web","Russia preference (gl=ru)","desktop","контроль sla","2","organic","helpit.me","https://helpit.me/articles/kontrol-sla-cto-eto#:~:text=%D0%9F%D0%BE%D0%BD%D1%8F%D1%82%D0%B8%D0%B5%20Sla%20%D0%BC%D0%BE%D0%B6%D0%BD%D0%BE%20%D0%BF%D0%B5%D1%80%D0%B5%D0%B2%D0%B5%D1%81%D1%82%D0%B8%20%D0%BA%D0%B0%D0%BA,%D0%B2%D0%BA%D0%BB%D1%8E%D1%87%D0%B0%D1%82%D1%8C%D1%81%D1%8F%20%D0%B2%20%D0%B4%D0%BE%D0%B3%D0%BE%D0%B2%D0%BE%D1%80%20%D0%B0%D0%B1%D0%BE%D0%BD%D0%B5%D0%BD%D1%82%D1%81%D0%BA%D0%BE%D0%B3%D0%BE%20%D0%BE%D0%B1%D1%81%D0%BB%D1%83%D0%B6%D0%B8%D0%B2%D0%B0%D0%BD%D0%B8%D1%8F.","Контроль Sla – что это | HelpIT.me","absent_in_serp","статья/guide","https://www.google.com/search?hl=ru&gl=ru&num=10&pws=0&q=%D0%BA%D0%BE%D0%BD%D1%82%D1%80%D0%BE%D0%BB%D1%8C%20sla","ad_label_observed=no; hl=ru; gl=ru; pws=0; AI/vertical/sitelinks excluded; organic rank after exclusions; live anonymous SERP may vary"
"2026-08-07T18:38:43.463Z","google_web","Russia preference (gl=ru)","desktop","контроль sla","3","organic","ru.wikipedia.org","https://ru.wikipedia.org/wiki/%D0%A1%D0%BE%D0%B3%D0%BB%D0%B0%D1%88%D0%B5%D0%BD%D0%B8%D0%B5_%D0%BE%D0%B1_%D1%83%D1%80%D0%BE%D0%B2%D0%BD%D0%B5_%D1%83%D1%81%D0%BB%D1%83%D0%B3","Соглашение об уровне услуг","... SLA регулярно нарушается. Отслеживание и контроль соблюдения SLA — важная часть дисциплины управления отношениями с аутсорсингом (ORM, Outsourcing ...","статья/guide","https://www.google.com/search?hl=ru&gl=ru&num=10&pws=0&q=%D0%BA%D0%BE%D0%BD%D1%82%D1%80%D0%BE%D0%BB%D1%8C%20sla","ad_label_observed=no; hl=ru; gl=ru; pws=0; AI/vertical/sitelinks excluded; organic rank after exclusions; live anonymous SERP may vary"
"2026-08-07T18:38:43.463Z","google_web","Russia preference (gl=ru)","desktop","контроль sla","4","organic","atlassian.com","https://www.atlassian.com/ru/itsm/service-request-management/slas","Что такое SLA: объяснение и примеры","Узнайте, как определены ожидания от качества и распределены обязанности в рамках соглашения об уровне обслуживания (SLA).","статья/guide","https://www.google.com/search?hl=ru&gl=ru&num=10&pws=0&q=%D0%BA%D0%BE%D0%BD%D1%82%D1%80%D0%BE%D0%BB%D1%8C%20sla","ad_label_observed=no; hl=ru; gl=ru; pws=0; AI/vertical/sitelinks excluded; organic rank after exclusions; live anonymous SERP may vary"
"2026-08-07T18:38:43.463Z","google_web","Russia preference (gl=ru)","desktop","контроль sla","5","organic","chislitellab.ru","https://chislitellab.ru/blog/chto-takoe-sla-i-zachem-on-nuzhen-vashemu-it-servisu","Что такое SLA и зачем он нужен вашему ИТ‑сервису","20 июл. 2026 г. — SLA-контроль — это фундамент стабильной работы сервиса. Мониторинг SLA: три уровня и инструменты контроля. Мониторинг SLA строится на трёх ...","статья/guide","https://www.google.com/search?hl=ru&gl=ru&num=10&pws=0&q=%D0%BA%D0%BE%D0%BD%D1%82%D1%80%D0%BE%D0%BB%D1%8C%20sla","ad_label_observed=no; hl=ru; gl=ru; pws=0; AI/vertical/sitelinks excluded; organic rank after exclusions; live anonymous SERP may vary"
"2026-08-07T18:38:44.834Z","google_web","Russia preference (gl=ru)","desktop","распределение обращений","1","organic","consultant.ru","https://www.consultant.ru/document/cons_doc_LAW_59999/","Федеральный закон ""О порядке рассмотрения ...","Федеральный закон ""О порядке рассмотрения обращений граждан Российской Федерации"" от 02.05.2006 N 59-ФЗ (последняя редакция) · Статья 1. Сфера применения ...","нецелевой результат","https://www.google.com/search?hl=ru&gl=ru&num=10&pws=0&q=%D1%80%D0%B0%D1%81%D0%BF%D1%80%D0%B5%D0%B4%D0%B5%D0%BB%D0%B5%D0%BD%D0%B8%D0%B5%20%D0%BE%D0%B1%D1%80%D0%B0%D1%89%D0%B5%D0%BD%D0%B8%D0%B9","ad_label_observed=no; hl=ru; gl=ru; pws=0; AI/vertical/sitelinks excluded; organic rank after exclusions; live anonymous SERP may vary"
"2026-08-07T18:38:44.834Z","google_web","Russia preference (gl=ru)","desktop","распределение обращений","2","organic","consultant.ru","https://www.consultant.ru/document/cons_doc_LAW_59999/1a1719408a99f43738c30a453a74ddaf6ccd7ae7/","Статья 11. Порядок рассмотрения отдельных обращений","2. Обращение, в котором обжалуется судебное решение, в течение семи дней со дня регистрации возвращается гражданину, направившему обращение, с разъяснением ...","нецелевой результат","https://www.google.com/search?hl=ru&gl=ru&num=10&pws=0&q=%D1%80%D0%B0%D1%81%D0%BF%D1%80%D0%B5%D0%B4%D0%B5%D0%BB%D0%B5%D0%BD%D0%B8%D0%B5%20%D0%BE%D0%B1%D1%80%D0%B0%D1%89%D0%B5%D0%BD%D0%B8%D0%B9","ad_label_observed=no; hl=ru; gl=ru; pws=0; AI/vertical/sitelinks excluded; organic rank after exclusions; live anonymous SERP may vary"
"2026-08-07T18:38:44.834Z","google_web","Russia preference (gl=ru)","desktop","распределение обращений","3","organic","26.rkn.gov.ru","https://26.rkn.gov.ru/p8926/p14777/","Порядок рассмотрения обращений граждан и юридических ...","29 апр. 2025 г. — 6. Срок рассмотрения обращения – 30 дней. В случаях, когда для рассмотрения обращения гражданина требуется больше времени, то срок может быть ...","нецелевой результат","https://www.google.com/search?hl=ru&gl=ru&num=10&pws=0&q=%D1%80%D0%B0%D1%81%D0%BF%D1%80%D0%B5%D0%B4%D0%B5%D0%BB%D0%B5%D0%BD%D0%B8%D0%B5%20%D0%BE%D0%B1%D1%80%D0%B0%D1%89%D0%B5%D0%BD%D0%B8%D0%B9","ad_label_observed=no; hl=ru; gl=ru; pws=0; AI/vertical/sitelinks excluded; organic rank after exclusions; live anonymous SERP may vary"
"2026-08-07T18:38:44.834Z","google_web","Russia preference (gl=ru)","desktop","распределение обращений","4","organic","xn--90adfabb9ciclc.xn--p1ai","https://xn--90adfabb9ciclc.xn--p1ai/sotsialno-kulturnaya-sfera/federalnye-sluzhby/6827/#:~:text=%D0%9E%D0%B1%D1%80%D0%B0%D1%89%D0%B5%D0%BD%D0%B8%D1%8F%20%D0%B3%D1%80%D0%B0%D0%B6%D0%B4%D0%B0%D0%BD%20%D0%BC%D0%BE%D0%B3%D1%83%D1%82%20%D0%B1%D1%8B%D1%82%D1%8C%20%D0%B2,%D0%B3%D1%80%D0%B0%D0%B6%D0%B4%D0%B0%D0%BD%20%D0%A0%D0%BE%D1%81%D1%81%D0%B8%D0%B9%D1%81%D0%BA%D0%BE%D0%B9%20%D0%A4%D0%B5%D0%B4%D0%B5%D1%80%D0%B0%D1%86%D0%B8%D0%B8%C2%BB%20%D0%B2%20%D1%80%D0%B5%D0%B4.","Формы, виды обращений и требования к ним - Перегребное","absent_in_serp","нецелевой результат","https://www.google.com/search?hl=ru&gl=ru&num=10&pws=0&q=%D1%80%D0%B0%D1%81%D0%BF%D1%80%D0%B5%D0%B4%D0%B5%D0%BB%D0%B5%D0%BD%D0%B8%D0%B5%20%D0%BE%D0%B1%D1%80%D0%B0%D1%89%D0%B5%D0%BD%D0%B8%D0%B9","ad_label_observed=no; hl=ru; gl=ru; pws=0; AI/vertical/sitelinks excluded; organic rank after exclusions; live anonymous SERP may vary"
"2026-08-07T18:38:44.834Z","google_web","Russia preference (gl=ru)","desktop","распределение обращений","5","organic","ykt.sledcom.ru","https://ykt.sledcom.ru/references/order/item/873864/#:~:text=%D0%9F%D0%B8%D1%81%D1%8C%D0%BC%D0%B5%D0%BD%D0%BD%D0%BE%D0%B5%20%D0%BE%D0%B1%D1%80%D0%B0%D1%89%D0%B5%D0%BD%D0%B8%D0%B5%20%D0%B4%D0%BE%D0%BB%D0%B6%D0%BD%D0%BE%20%D1%81%D0%BE%D0%B4%D0%B5%D1%80%D0%B6%D0%B0%D1%82%D1%8C%20%D1%84%D0%B0%D0%BC%D0%B8%D0%BB%D0%B8%D1%8E,%D0%B7%D0%B0%D0%BA%D0%BE%D0%BD%2C%20%D0%B4%D0%B0%D1%82%D1%83%20%D0%B8%20%D0%BB%D0%B8%D1%87%D0%BD%D1%83%D1%8E%20%D0%BF%D0%BE%D0%B4%D0%BF%D0%B8%D1%81%D1%8C.","Виды обращений и порядок рассмотрения обращений граждан","absent_in_serp","нецелевой результат","https://www.google.com/search?hl=ru&gl=ru&num=10&pws=0&q=%D1%80%D0%B0%D1%81%D0%BF%D1%80%D0%B5%D0%B4%D0%B5%D0%BB%D0%B5%D0%BD%D0%B8%D0%B5%20%D0%BE%D0%B1%D1%80%D0%B0%D1%89%D0%B5%D0%BD%D0%B8%D0%B9","ad_label_observed=no; hl=ru; gl=ru; pws=0; AI/vertical/sitelinks excluded; organic rank after exclusions; live anonymous SERP may vary"
"2026-08-07T18:38:45.987Z","google_web","Russia preference (gl=ru)","desktop","api службы поддержки","1","organic","support.google.com","https://support.google.com/google-ads/answer/14428553?hl=ru","Служба технической поддержки в отношении API","Служба поддержки Google Рекламы поможет вам разобраться с ошибками и проблемами с соблюдением правил Google Рекламы, а также проанализировать данные. Обратите ...","нецелевой результат","https://www.google.com/search?hl=ru&gl=ru&num=10&pws=0&q=api%20%D1%81%D0%BB%D1%83%D0%B6%D0%B1%D1%8B%20%D0%BF%D0%BE%D0%B4%D0%B4%D0%B5%D1%80%D0%B6%D0%BA%D0%B8","ad_label_observed=no; hl=ru; gl=ru; pws=0; AI/vertical/sitelinks excluded; organic rank after exclusions; live anonymous SERP may vary"
"2026-08-07T18:38:45.987Z","google_web","Russia preference (gl=ru)","desktop","api службы поддержки","2","organic","jivo.ru","https://www.jivo.ru/blog/ecommerce/chto-takoe-api.html#:~:text=API%20%E2%80%94%20%D1%8D%D1%82%D0%BE%20%D0%B8%D0%BD%D1%81%D1%82%D1%80%D1%83%D0%BC%D0%B5%D0%BD%D1%82%2C%20%D0%BA%D0%BE%D1%82%D0%BE%D1%80%D1%8B%D0%B9%20%D1%81%D0%BE%D0%B5%D0%B4%D0%B8%D0%BD%D1%8F%D0%B5%D1%82,%D0%B8%20%D0%BD%D0%B0%20%D1%80%D0%B0%D0%B7%D0%BD%D1%8B%D1%85%20%D1%8F%D0%B7%D1%8B%D0%BA%D0%B0%D1%85%20%D0%BF%D1%80%D0%BE%D0%B3%D1%80%D0%B0%D0%BC%D0%BC%D0%B8%D1%80%D0%BE%D0%B2%D0%B0%D0%BD%D0%B8%D1%8F.","Что такое API простыми словами: как работает и зачем нужно ... - Jivo","absent_in_serp","нецелевой результат","https://www.google.com/search?hl=ru&gl=ru&num=10&pws=0&q=api%20%D1%81%D0%BB%D1%83%D0%B6%D0%B1%D1%8B%20%D0%BF%D0%BE%D0%B4%D0%B4%D0%B5%D1%80%D0%B6%D0%BA%D0%B8","ad_label_observed=no; hl=ru; gl=ru; pws=0; AI/vertical/sitelinks excluded; organic rank after exclusions; live anonymous SERP may vary"
"2026-08-07T18:38:45.987Z","google_web","Russia preference (gl=ru)","desktop","api службы поддержки","3","organic","aws.amazon.com","https://aws.amazon.com/ru/what-is/api/#:~:text=Web%20API%20%D0%B8%D0%BB%D0%B8%20Web%20Service,%D1%81%D1%82%D0%B0%D0%BD%D0%B4%D0%B0%D1%80%D1%82%D0%BD%D1%8B%D0%B9%20%D0%B0%D1%80%D1%85%D0%B8%D1%82%D0%B5%D0%BA%D1%82%D1%83%D1%80%D0%BD%D1%8B%D0%B9%20%D1%81%D1%82%D0%B8%D0%BB%D1%8C%2C%20%D0%BE%D0%BF%D0%B8%D1%81%D0%B0%D0%BD%D0%BD%D1%8B%D0%B9%20%D0%B2%D1%8B%D1%88%D0%B5.","Что такое интерфейс прикладного программирования (API)?","absent_in_serp","нецелевой результат","https://www.google.com/search?hl=ru&gl=ru&num=10&pws=0&q=api%20%D1%81%D0%BB%D1%83%D0%B6%D0%B1%D1%8B%20%D0%BF%D0%BE%D0%B4%D0%B4%D0%B5%D1%80%D0%B6%D0%BA%D0%B8","ad_label_observed=no; hl=ru; gl=ru; pws=0; AI/vertical/sitelinks excluded; organic rank after exclusions; live anonymous SERP may vary"
"2026-08-07T18:38:45.987Z","google_web","Russia preference (gl=ru)","desktop","api службы поддержки","4","organic","dev.wildberries.ru","https://dev.wildberries.ru/knowledge-base/articles/019d49a1-5b9c-7550-9431-c23e47a4df96/kuda-obrashchat-sia-za-pomoshch-iu","Поддержка WB API — куда обращаться при проблемах","22 июл. 2026 г. — Для обращения по вопросам API используйте Service Desk в личном кабинете WB Партнёры: Перейдите в Service Desk; Создайте обращение в категории « ...","нецелевой результат","https://www.google.com/search?hl=ru&gl=ru&num=10&pws=0&q=api%20%D1%81%D0%BB%D1%83%D0%B6%D0%B1%D1%8B%20%D0%BF%D0%BE%D0%B4%D0%B4%D0%B5%D1%80%D0%B6%D0%BA%D0%B8","ad_label_observed=no; hl=ru; gl=ru; pws=0; AI/vertical/sitelinks excluded; organic rank after exclusions; live anonymous SERP may vary"
"2026-08-07T18:38:45.987Z","google_web","Russia preference (gl=ru)","desktop","api службы поддержки","5","organic","ru.iiko.help","https://ru.iiko.help/articles/api-documentations/konsultirovanie-po-api","Консультирование пользователей по API и поддержка ...","6 янв. 2026 г. — Помощь на этапе разработки · Предоставление виртуальных серверов для организации тестовой среды. · Консультирование по документации API.","нецелевой результат","https://www.google.com/search?hl=ru&gl=ru&num=10&pws=0&q=api%20%D1%81%D0%BB%D1%83%D0%B6%D0%B1%D1%8B%20%D0%BF%D0%BE%D0%B4%D0%B4%D0%B5%D1%80%D0%B6%D0%BA%D0%B8","ad_label_observed=no; hl=ru; gl=ru; pws=0; AI/vertical/sitelinks excluded; organic rank after exclusions; live anonymous SERP may vary"
