query,operator_mode,region,period_start,period_end,requests,captured_at,source_url,capture_status
"helpdesk","broad","Все регионы","2026-07-07","2026-08-05","2475","2026-08-07","https://wordstat.yandex.ru/","captured"
"helpdesk","phrase","Все регионы","2026-07-07","2026-08-05","4","2026-08-07","https://wordstat.yandex.ru/","captured"
"система поддержки клиентов","broad","Все регионы","2026-07-07","2026-08-05","334","2026-08-07","https://wordstat.yandex.ru/","captured"
"система поддержки клиентов","phrase","Все регионы","2026-07-07","2026-08-05","0","2026-08-07","https://wordstat.yandex.ru/","captured"
"сервис поддержки клиентов","broad","Все регионы","2026-07-07","2026-08-05","663","2026-08-07","https://wordstat.yandex.ru/","captured"
"сервис поддержки клиентов","phrase","Все регионы","2026-07-07","2026-08-05","0","2026-08-07","https://wordstat.yandex.ru/","captured"
"омниканальная поддержка","broad","Все регионы","2026-07-07","2026-08-05","14","2026-08-07","https://wordstat.yandex.ru/","captured"
"омниканальная поддержка","phrase","Все регионы","2026-07-07","2026-08-05","3","2026-08-07","https://wordstat.yandex.ru/","captured"
"чат поддержки для сайта","broad","Все регионы","2026-07-07","2026-08-05","158","2026-08-07","https://wordstat.yandex.ru/","captured"
"чат поддержки для сайта","phrase","Все регионы","2026-07-07","2026-08-05","4","2026-08-07","https://wordstat.yandex.ru/","captured"
"виджет чата для сайта","broad","Все регионы","2026-07-07","2026-08-05","39","2026-08-07","https://wordstat.yandex.ru/","captured"
"виджет чата для сайта","phrase","Все регионы","2026-07-07","2026-08-05","3","2026-08-07","https://wordstat.yandex.ru/","captured"
"telegram поддержка клиентов","broad","Все регионы","2026-07-06","2026-08-06","14","2026-08-07","https://wordstat.yandex.ru/","captured"
"telegram поддержка клиентов","phrase","Все регионы","2026-07-06","2026-08-06","0","2026-08-07","https://wordstat.yandex.ru/","captured"
"ии бот поддержки","broad","Все регионы","2026-07-07","2026-08-05","348","2026-08-07","https://wordstat.yandex.ru/","captured"
"ии бот поддержки","phrase","Все регионы","2026-07-07","2026-08-05","17","2026-08-07","https://wordstat.yandex.ru/","captured"
"автоматизация клиентской поддержки","broad","Все регионы","2026-07-06","2026-08-06","24","2026-08-07","https://wordstat.yandex.ru/","captured"
"автоматизация клиентской поддержки","phrase","Все регионы","2026-07-06","2026-08-06","0","2026-08-07","https://wordstat.yandex.ru/","captured"
"контроль sla","broad","Все регионы","2026-07-07","2026-08-05","249","2026-08-07","https://wordstat.yandex.ru/","captured"
"контроль sla","phrase","Все регионы","2026-07-07","2026-08-05","40","2026-08-07","https://wordstat.yandex.ru/","captured"
"программа для службы поддержки","broad","Все регионы","2026-07-07","2026-08-05","149","2026-08-07","https://wordstat.yandex.ru/","captured"
"программа для службы поддержки","phrase","Все регионы","2026-07-07","2026-08-05","1","2026-08-07","https://wordstat.yandex.ru/","captured"
"система работы с обращениями клиентов","broad","Все регионы","2026-07-06","2026-08-06","18","2026-08-07","https://wordstat.yandex.ru/","captured"
"система работы с обращениями клиентов","phrase","Все регионы","2026-07-06","2026-08-06","0","2026-08-07","https://wordstat.yandex.ru/","captured"
"единое окно поддержки клиентов","broad","Все регионы","2026-07-06","2026-08-06","5","2026-08-07","https://wordstat.yandex.ru/","captured"
"единое окно поддержки клиентов","phrase","Все регионы","2026-07-06","2026-08-06","0","2026-08-07","https://wordstat.yandex.ru/","captured"
"программа для операторов поддержки","broad","Все регионы","2026-07-06","2026-08-06","60","2026-08-07","https://wordstat.yandex.ru/","captured"
"программа для операторов поддержки","phrase","Все регионы","2026-07-06","2026-08-06","0","2026-08-07","https://wordstat.yandex.ru/","captured"
"распределение обращений клиентов","broad","Все регионы","2026-07-06","2026-08-06","31","2026-08-07","https://wordstat.yandex.ru/","captured"
"распределение обращений клиентов","phrase","Все регионы","2026-07-06","2026-08-06","0","2026-08-07","https://wordstat.yandex.ru/","captured"
"контроль операторов поддержки","broad","Все регионы","2026-07-06","2026-08-06","33","2026-08-07","https://wordstat.yandex.ru/","captured"
"контроль операторов поддержки","phrase","Все регионы","2026-07-06","2026-08-06","0","2026-08-07","https://wordstat.yandex.ru/","captured"
"телеграм бот поддержки клиентов","broad","Все регионы","2026-07-06","2026-08-06","2","2026-08-07","https://wordstat.yandex.ru/","captured"
"телеграм бот поддержки клиентов","phrase","Все регионы","2026-07-06","2026-08-06","0","2026-08-07","https://wordstat.yandex.ru/","captured"
"чат бот для поддержки клиентов","broad","Все регионы","2026-07-07","2026-08-05","60","2026-08-07","https://wordstat.yandex.ru/","captured"
"чат бот для поддержки клиентов","phrase","Все регионы","2026-07-07","2026-08-05","0","2026-08-07","https://wordstat.yandex.ru/","captured"
"бот первой линии поддержки","broad","Все регионы","2026-07-06","2026-08-06","4","2026-08-07","https://wordstat.yandex.ru/","captured"
"бот первой линии поддержки","phrase","Все регионы","2026-07-06","2026-08-06","0","2026-08-07","https://wordstat.yandex.ru/","captured"
"api службы поддержки","broad","Все регионы","2026-07-06","2026-08-06","37","2026-08-07","https://wordstat.yandex.ru/","captured"
"api службы поддержки","phrase","Все регионы","2026-07-06","2026-08-06","0","2026-08-07","https://wordstat.yandex.ru/","captured"
"helpdesk система","broad","Все регионы","2026-07-06","2026-08-06","26","2026-08-07","https://wordstat.yandex.ru/","captured"
"helpdesk система","phrase","Все регионы","2026-07-06","2026-08-06","0","2026-08-07","https://wordstat.yandex.ru/","captured"
"система helpdesk","broad","Все регионы","2026-07-06","2026-08-06","26","2026-08-07","https://wordstat.yandex.ru/","captured"
"система helpdesk","phrase","Все регионы","2026-07-06","2026-08-06","0","2026-08-07","https://wordstat.yandex.ru/","captured"
"система заявок","broad","Все регионы","2026-07-07","2026-08-05","12119","2026-08-07","https://wordstat.yandex.ru/","captured"
"система заявок","phrase","Все регионы","2026-07-07","2026-08-05","29","2026-08-07","https://wordstat.yandex.ru/","captured"
"система учета обращений","broad","Все регионы","2026-07-07","2026-08-05","980","2026-08-07","https://wordstat.yandex.ru/","captured"
"система учета обращений","phrase","Все регионы","2026-07-07","2026-08-05","3","2026-08-07","https://wordstat.yandex.ru/","captured"
"сервис для работы с обращениями","broad","Все регионы","2026-07-06","2026-08-06","41","2026-08-07","https://wordstat.yandex.ru/","captured"
"сервис для работы с обращениями","phrase","Все регионы","2026-07-06","2026-08-06","0","2026-08-07","https://wordstat.yandex.ru/","captured"
"онлайн чат для сайта","broad","Все регионы","2026-07-07","2026-08-05","226","2026-08-07","https://wordstat.yandex.ru/","captured"
"онлайн чат для сайта","phrase","Все регионы","2026-07-07","2026-08-05","57","2026-08-07","https://wordstat.yandex.ru/","captured"
"чат для сайта","broad","Все регионы","2026-07-07","2026-08-05","3615","2026-08-07","https://wordstat.yandex.ru/","captured"
"чат для сайта","phrase","Все регионы","2026-07-07","2026-08-05","135","2026-08-07","https://wordstat.yandex.ru/","captured"
"виджет обратной связи","broad","Все регионы","2026-07-07","2026-08-05","546","2026-08-07","https://wordstat.yandex.ru/","captured"
"виджет обратной связи","phrase","Все регионы","2026-07-07","2026-08-05","14","2026-08-07","https://wordstat.yandex.ru/","captured"
"программа клиентской поддержки","broad","Все регионы","2026-07-06","2026-08-06","17","2026-08-07","https://wordstat.yandex.ru/","captured"
"программа клиентской поддержки","phrase","Все регионы","2026-07-06","2026-08-06","0","2026-08-07","https://wordstat.yandex.ru/","captured"
"платформа клиентской поддержки","broad","Все регионы","2026-07-06","2026-08-06","13","2026-08-07","https://wordstat.yandex.ru/","captured"
"платформа клиентской поддержки","phrase","Все регионы","2026-07-06","2026-08-06","0","2026-08-07","https://wordstat.yandex.ru/","captured"
"helpdesk","broad","Россия","2026-07-07","2026-08-05","2361","2026-08-07","https://wordstat.yandex.ru/","captured"
"helpdesk","phrase","Россия","2026-07-07","2026-08-05","4","2026-08-07","https://wordstat.yandex.ru/","captured"
"система поддержки клиентов","broad","Россия","2026-07-07","2026-08-05","329","2026-08-07","https://wordstat.yandex.ru/","captured"
"система поддержки клиентов","phrase","Россия","2026-07-07","2026-08-05","0","2026-08-07","https://wordstat.yandex.ru/","captured"
"омниканальная поддержка","broad","Россия","2026-07-07","2026-08-05","14","2026-08-07","https://wordstat.yandex.ru/","captured"
"омниканальная поддержка","phrase","Россия","2026-07-07","2026-08-05","3","2026-08-07","https://wordstat.yandex.ru/","captured"
"чат для сайта","broad","Россия","2026-07-07","2026-08-05","3432","2026-08-07","https://wordstat.yandex.ru/","captured"
"чат для сайта","phrase","Россия","2026-07-07","2026-08-05","129","2026-08-07","https://wordstat.yandex.ru/","captured"
"онлайн чат для сайта","broad","Россия","2026-07-07","2026-08-05","199","2026-08-07","https://wordstat.yandex.ru/","captured"
"онлайн чат для сайта","phrase","Россия","2026-07-07","2026-08-05","52","2026-08-07","https://wordstat.yandex.ru/","captured"
"виджет чата для сайта","broad","Россия","2026-07-07","2026-08-05","39","2026-08-07","https://wordstat.yandex.ru/","captured"
"виджет чата для сайта","phrase","Россия","2026-07-07","2026-08-05","3","2026-08-07","https://wordstat.yandex.ru/","captured"
"ии бот поддержки","broad","Россия","2026-07-07","2026-08-05","340","2026-08-07","https://wordstat.yandex.ru/","captured"
"ии бот поддержки","phrase","Россия","2026-07-07","2026-08-05","17","2026-08-07","https://wordstat.yandex.ru/","captured"
"контроль sla","broad","Россия","2026-07-07","2026-08-05","242","2026-08-07","https://wordstat.yandex.ru/","captured"
"контроль sla","phrase","Россия","2026-07-07","2026-08-05","36","2026-08-07","https://wordstat.yandex.ru/","captured"
"программа для службы поддержки","broad","Россия","2026-07-07","2026-08-05","148","2026-08-07","https://wordstat.yandex.ru/","captured"
"программа для службы поддержки","phrase","Россия","2026-07-07","2026-08-05","1","2026-08-07","https://wordstat.yandex.ru/","captured"
"система учета обращений","broad","Россия","2026-07-07","2026-08-05","755","2026-08-07","https://wordstat.yandex.ru/","captured"
"система учета обращений","phrase","Россия","2026-07-07","2026-08-05","3","2026-08-07","https://wordstat.yandex.ru/","captured"
"чат бот для поддержки клиентов","broad","Россия","2026-07-07","2026-08-05","60","2026-08-07","https://wordstat.yandex.ru/","captured"
"чат бот для поддержки клиентов","phrase","Россия","2026-07-07","2026-08-05","0","2026-08-07","https://wordstat.yandex.ru/","captured"
"telegram поддержка клиентов","broad","Россия","2026-07-06","2026-08-06","14","2026-08-07","https://wordstat.yandex.ru/","captured"
"telegram поддержка клиентов","phrase","Россия","2026-07-06","2026-08-06","0","2026-08-07","https://wordstat.yandex.ru/","captured"
"виджет обратной связи","broad","Россия","2026-07-07","2026-08-05","543","2026-08-07","https://wordstat.yandex.ru/","captured"
"виджет обратной связи","phrase","Россия","2026-07-07","2026-08-05","14","2026-08-07","https://wordstat.yandex.ru/","captured"
